"X","Y","Z"
1756990,5917010,0
1757000,5917010,0
1757010,5917010,0
1757020,5917010,0
1757030,5917010,0
1757040,5917010,0
1757050,5917010,0
1757060,5917010,0
1757070,5917010,0
1757080,5917010,0
1757090,5917010,0
1757100,5917010,0
1757110,5917010,0
1757120,5917010,0
1757130,5917010,0
1757140,5917010,0
1757150,5917010,0
1757160,5917010,0
1757170,5917010,0
1757180,5917010,0
1757190,5917010,0
1757200,5917010,0
1757210,5917010,0
1757220,5917010,0
1757230,5917010,0
1757240,5917010,0
1757250,5917010,0
1757260,5917010,0
1757270,5917010,0
1757280,5917010,0
1757290,5917010,0
1757300,5917010,0
1757310,5917010,0
1757320,5917010,0
1757330,5917010,0
1757340,5917010,0
1757350,5917010,0
1757360,5917010,0
1757370,5917010,0
1757380,5917010,0
1757390,5917010,0
1757400,5917010,0
1757410,5917010,0
1757420,5917010,0
1757430,5917010,0
1757440,5917010,0
1757450,5917010,0
1757460,5917010,0
1757470,5917010,0
1757480,5917010,0
1757490,5917010,0
1757500,5917010,0
1757510,5917010,0
1757520,5917010,0
1757530,5917010,0
1757540,5917010,0
1757550,5917010,0
1757560,5917010,0
1757570,5917010,0
1757580,5917010,0
1757590,5917010,0
1756990,5917020,0
1757000,5917020,0
1757010,5917020,0
1757020,5917020,0
1757030,5917020,0
1757040,5917020,0
1757050,5917020,0
1757060,5917020,0
1757070,5917020,0
1757080,5917020,0
1757090,5917020,0
1757100,5917020,0
1757110,5917020,0
1757120,5917020,0
1757130,5917020,0
1757140,5917020,0
1757150,5917020,0
1757160,5917020,0
1757170,5917020,0
1757180,5917020,0
1757190,5917020,0
1757200,5917020,0
1757210,5917020,0
1757220,5917020,0
1757230,5917020,0
1757240,5917020,0
1757250,5917020,0
1757260,5917020,0
1757270,5917020,0
1757280,5917020,0
1757290,5917020,0
1757300,5917020,0
1757310,5917020,0
1757320,5917020,0
1757330,5917020,0
1757340,5917020,0
1757350,5917020,0
1757360,5917020,0
1757370,5917020,0
1757380,5917020,0
1757390,5917020,0
1757400,5917020,0
1757410,5917020,0
1757420,5917020,0
1757430,5917020,0
1757440,5917020,0
1757450,5917020,0
1757460,5917020,0
1757470,5917020,0
1757480,5917020,0
1757490,5917020,0
1757500,5917020,0
1757510,5917020,0
1757520,5917020,0
1757530,5917020,0
1757540,5917020,0
1757550,5917020,0
1757560,5917020,0
1757570,5917020,0
1757580,5917020,0
1757590,5917020,0
1756990,5917030,0
1757000,5917030,0
1757010,5917030,0
1757020,5917030,0
1757030,5917030,0
1757040,5917030,0
1757050,5917030,0
1757060,5917030,0
1757070,5917030,0
1757080,5917030,0
1757090,5917030,0
1757100,5917030,0
1757110,5917030,0
1757120,5917030,0
1757130,5917030,0
1757140,5917030,0
1757150,5917030,0
1757160,5917030,0
1757170,5917030,0
1757180,5917030,0
1757190,5917030,0
1757200,5917030,0
1757210,5917030,0
1757220,5917030,0
1757230,5917030,0
1757240,5917030,0
1757250,5917030,0
1757260,5917030,0
1757270,5917030,0
1757280,5917030,0
1757290,5917030,0
1757300,5917030,0
1757310,5917030,0
1757320,5917030,0
1757330,5917030,0
1757340,5917030,0
1757350,5917030,0
1757360,5917030,0
1757370,5917030,0
1757380,5917030,0
1757390,5917030,0
1757400,5917030,0
1757410,5917030,0
1757420,5917030,0
1757430,5917030,0
1757440,5917030,0
1757450,5917030,0
1757460,5917030,0
1757470,5917030,0
1757480,5917030,0
1757490,5917030,0
1757500,5917030,0
1757510,5917030,0
1757520,5917030,0
1757530,5917030,0
1757540,5917030,0
1757550,5917030,0
1757560,5917030,0
1757570,5917030,0
1757580,5917030,0
1757590,5917030,0
1756990,5917040,0
1757000,5917040,0
1757010,5917040,0
1757020,5917040,0
1757030,5917040,0
1757040,5917040,0
1757050,5917040,0
1757060,5917040,0
1757070,5917040,0
1757080,5917040,0
1757090,5917040,0
1757100,5917040,0
1757110,5917040,0
1757120,5917040,0
1757130,5917040,0
1757140,5917040,0
1757150,5917040,0
1757160,5917040,0
1757170,5917040,0
1757180,5917040,0
1757190,5917040,0
1757200,5917040,0
1757210,5917040,0
1757220,5917040,0
1757230,5917040,0
1757240,5917040,0
1757250,5917040,0
1757260,5917040,0
1757270,5917040,0
1757280,5917040,0
1757290,5917040,0
1757300,5917040,0
1757310,5917040,0
1757320,5917040,0
1757330,5917040,0
1757340,5917040,0
1757350,5917040,0
1757360,5917040,0
1757370,5917040,0
1757380,5917040,0
1757390,5917040,0
1757400,5917040,0
1757410,5917040,0
1757420,5917040,0
1757430,5917040,0
1757440,5917040,0
1757450,5917040,0
1757460,5917040,0
1757470,5917040,0
1757480,5917040,0
1757490,5917040,0
1757500,5917040,0
1757510,5917040,0
1757520,5917040,0
1757530,5917040,0
1757540,5917040,0
1757550,5917040,0
1757560,5917040,0
1757570,5917040,0
1757580,5917040,0
1757590,5917040,0
1756990,5917050,0
1757000,5917050,0
1757010,5917050,0
1757020,5917050,0
1757030,5917050,0
1757040,5917050,0
1757050,5917050,0
1757060,5917050,0
1757070,5917050,0
1757080,5917050,0
1757090,5917050,0
1757100,5917050,0
1757110,5917050,0
1757120,5917050,0
1757130,5917050,0
1757140,5917050,0
1757150,5917050,0
1757160,5917050,0
1757170,5917050,0
1757180,5917050,0
1757190,5917050,0
1757200,5917050,0
1757210,5917050,0
1757220,5917050,0
1757230,5917050,0
1757240,5917050,0
1757250,5917050,0
1757260,5917050,0
1757270,5917050,0
1757280,5917050,0
1757290,5917050,0
1757300,5917050,0
1757310,5917050,0
1757320,5917050,0
1757330,5917050,0
1757340,5917050,0
1757350,5917050,0
1757360,5917050,0
1757370,5917050,0
1757380,5917050,0
1757390,5917050,0
1757400,5917050,0
1757410,5917050,0
1757420,5917050,0
1757430,5917050,0
1757440,5917050,0
1757450,5917050,0
1757460,5917050,0
1757470,5917050,0
1757480,5917050,0
1757490,5917050,0
1757500,5917050,0
1757510,5917050,0
1757520,5917050,0
1757530,5917050,0
1757540,5917050,0
1757550,5917050,0
1757560,5917050,0
1757570,5917050,0
1757580,5917050,0
1757590,5917050,0
1756990,5917060,0
1757000,5917060,0
1757010,5917060,0
1757020,5917060,0
1757030,5917060,0
1757040,5917060,0
1757050,5917060,0
1757060,5917060,0
1757070,5917060,0
1757080,5917060,0
1757090,5917060,0
1757100,5917060,0
1757110,5917060,0
1757120,5917060,0
1757130,5917060,0
1757140,5917060,0
1757150,5917060,0
1757160,5917060,0
1757170,5917060,0
1757180,5917060,0
1757190,5917060,0
1757200,5917060,0
1757210,5917060,0
1757220,5917060,0
1757230,5917060,0
1757240,5917060,0
1757250,5917060,0
1757260,5917060,0
1757270,5917060,0
1757280,5917060,0
1757290,5917060,0
1757300,5917060,0
1757310,5917060,0
1757320,5917060,0
1757330,5917060,0
1757340,5917060,0
1757350,5917060,0
1757360,5917060,0
1757370,5917060,0
1757380,5917060,0
1757390,5917060,0
1757400,5917060,0
1757410,5917060,0
1757420,5917060,0
1757430,5917060,0
1757440,5917060,0
1757450,5917060,0
1757460,5917060,0
1757470,5917060,0
1757480,5917060,0
1757490,5917060,0
1757500,5917060,0
1757510,5917060,0
1757520,5917060,0
1757530,5917060,0
1757540,5917060,0
1757550,5917060,0
1757560,5917060,0
1757570,5917060,0
1757580,5917060,0
1757590,5917060,0
1756990,5917070,0
1757000,5917070,0
1757010,5917070,0
1757020,5917070,0
1757030,5917070,0
1757040,5917070,0
1757050,5917070,0
1757060,5917070,0
1757070,5917070,0
1757080,5917070,0
1757090,5917070,0
1757100,5917070,0
1757110,5917070,0
1757120,5917070,0
1757130,5917070,0
1757140,5917070,0
1757150,5917070,0
1757160,5917070,0
1757170,5917070,0
1757180,5917070,0
1757190,5917070,0
1757200,5917070,0
1757210,5917070,0
1757220,5917070,0
1757230,5917070,0
1757240,5917070,0
1757250,5917070,0
1757260,5917070,0
1757270,5917070,0
1757280,5917070,0
1757290,5917070,0
1757300,5917070,0
1757310,5917070,0
1757320,5917070,0
1757330,5917070,0
1757340,5917070,0
1757350,5917070,0
1757360,5917070,0
1757370,5917070,0
1757380,5917070,0
1757390,5917070,0
1757400,5917070,0
1757410,5917070,0
1757420,5917070,0
1757430,5917070,0
1757440,5917070,0
1757450,5917070,0
1757460,5917070,0
1757470,5917070,0
1757480,5917070,0
1757490,5917070,0
1757500,5917070,0
1757510,5917070,0
1757520,5917070,0
1757530,5917070,0
1757540,5917070,0
1757550,5917070,0
1757560,5917070,0
1757570,5917070,0
1757580,5917070,0
1757590,5917070,0
1756990,5917080,0
1757000,5917080,0
1757010,5917080,0
1757020,5917080,0
1757030,5917080,0
1757040,5917080,0
1757050,5917080,0
1757060,5917080,0
1757070,5917080,0
1757080,5917080,0
1757090,5917080,0
1757100,5917080,0
1757110,5917080,0
1757120,5917080,0
1757130,5917080,0
1757140,5917080,0
1757150,5917080,0
1757160,5917080,0
1757170,5917080,0
1757180,5917080,0
1757190,5917080,0
1757200,5917080,0
1757210,5917080,0
1757220,5917080,0
1757230,5917080,0
1757240,5917080,0
1757250,5917080,0
1757260,5917080,0
1757270,5917080,0
1757280,5917080,0
1757290,5917080,0
1757300,5917080,0
1757310,5917080,0
1757320,5917080,0
1757330,5917080,0
1757340,5917080,0
1757350,5917080,0
1757360,5917080,0
1757370,5917080,0
1757380,5917080,0
1757390,5917080,0
1757400,5917080,0
1757410,5917080,0
1757420,5917080,0
1757430,5917080,0
1757440,5917080,0
1757450,5917080,0
1757460,5917080,0
1757470,5917080,0
1757480,5917080,0
1757490,5917080,0
1757500,5917080,0
1757510,5917080,0
1757520,5917080,0
1757530,5917080,0
1757540,5917080,0
1757550,5917080,0
1757560,5917080,0
1757570,5917080,0
1757580,5917080,0
1757590,5917080,0
1756990,5917090,0
1757000,5917090,0
1757010,5917090,0
1757020,5917090,0
1757030,5917090,0
1757040,5917090,0
1757050,5917090,0
1757060,5917090,0
1757070,5917090,0
1757080,5917090,0
1757090,5917090,0
1757100,5917090,0
1757110,5917090,0
1757120,5917090,0
1757130,5917090,0
1757140,5917090,0
1757150,5917090,0
1757160,5917090,0
1757170,5917090,0
1757180,5917090,0
1757190,5917090,0
1757200,5917090,0
1757210,5917090,0
1757220,5917090,0
1757230,5917090,0
1757240,5917090,0
1757250,5917090,0
1757260,5917090,0
1757270,5917090,0
1757280,5917090,0
1757290,5917090,0
1757300,5917090,0
1757310,5917090,0
1757320,5917090,0
1757330,5917090,0
1757340,5917090,0
1757350,5917090,0
1757360,5917090,0
1757370,5917090,0
1757380,5917090,0
1757390,5917090,0
1757400,5917090,0
1757410,5917090,0
1757420,5917090,0
1757430,5917090,0
1757440,5917090,0
1757450,5917090,0
1757460,5917090,0
1757470,5917090,0
1757480,5917090,0
1757490,5917090,0
1757500,5917090,0
1757510,5917090,0
1757520,5917090,0
1757530,5917090,0
1757540,5917090,0
1757550,5917090,0
1757560,5917090,0
1757570,5917090,0
1757580,5917090,0
1757590,5917090,0
1756990,5917100,0
1757000,5917100,0
1757010,5917100,0
1757020,5917100,0
1757030,5917100,0
1757040,5917100,0
1757050,5917100,0
1757060,5917100,0
1757070,5917100,0
1757080,5917100,0
1757090,5917100,0
1757100,5917100,0
1757110,5917100,0
1757120,5917100,0
1757130,5917100,0
1757140,5917100,0
1757150,5917100,0
1757160,5917100,0
1757170,5917100,0
1757180,5917100,0
1757190,5917100,0
1757200,5917100,0
1757210,5917100,0
1757220,5917100,0
1757230,5917100,0
1757240,5917100,0
1757250,5917100,0
1757260,5917100,0
1757270,5917100,0
1757280,5917100,0
1757290,5917100,0
1757300,5917100,0
1757310,5917100,0
1757320,5917100,0
1757330,5917100,0
1757340,5917100,0
1757350,5917100,0
1757360,5917100,0
1757370,5917100,0
1757380,5917100,0
1757390,5917100,0
1757400,5917100,0
1757410,5917100,0
1757420,5917100,0
1757430,5917100,0
1757440,5917100,0
1757450,5917100,0
1757460,5917100,0
1757470,5917100,0
1757480,5917100,0
1757490,5917100,0
1757500,5917100,0
1757510,5917100,0
1757520,5917100,0
1757530,5917100,0
1757540,5917100,0
1757550,5917100,0
1757560,5917100,0
1757570,5917100,0
1757580,5917100,0
1757590,5917100,0
1756990,5917110,0
1757000,5917110,0
1757010,5917110,0
1757020,5917110,0
1757030,5917110,0
1757040,5917110,0
1757050,5917110,0
1757060,5917110,0
1757070,5917110,0
1757080,5917110,0
1757090,5917110,0
1757100,5917110,0
1757110,5917110,0
1757120,5917110,0
1757130,5917110,0
1757140,5917110,0
1757150,5917110,0
1757160,5917110,0
1757170,5917110,0
1757180,5917110,0
1757190,5917110,0
1757200,5917110,0
1757210,5917110,0
1757220,5917110,0
1757230,5917110,0
1757240,5917110,0
1757250,5917110,0
1757260,5917110,0
1757270,5917110,0
1757280,5917110,0
1757290,5917110,0
1757300,5917110,0
1757310,5917110,0
1757320,5917110,0
1757330,5917110,0
1757340,5917110,0
1757350,5917110,0
1757360,5917110,0
1757370,5917110,0
1757380,5917110,0
1757390,5917110,0
1757400,5917110,0
1757410,5917110,0
1757420,5917110,0
1757430,5917110,0
1757440,5917110,0
1757450,5917110,0
1757460,5917110,0
1757470,5917110,0
1757480,5917110,0
1757490,5917110,0
1757500,5917110,0
1757510,5917110,0
1757520,5917110,0
1757530,5917110,0
1757540,5917110,0
1757550,5917110,0
1757560,5917110,0
1757570,5917110,0
1757580,5917110,0
1757590,5917110,0
1756990,5917120,0
1757000,5917120,0
1757010,5917120,0
1757020,5917120,0
1757030,5917120,0
1757040,5917120,0
1757050,5917120,0
1757060,5917120,0
1757070,5917120,0
1757080,5917120,0
1757090,5917120,0
1757100,5917120,0
1757110,5917120,0
1757120,5917120,0
1757130,5917120,0
1757140,5917120,0
1757150,5917120,0
1757160,5917120,0
1757170,5917120,0
1757180,5917120,0
1757190,5917120,0
1757200,5917120,0
1757210,5917120,0
1757220,5917120,0
1757230,5917120,0
1757240,5917120,0
1757250,5917120,0
1757260,5917120,0
1757270,5917120,0
1757280,5917120,0
1757290,5917120,0
1757300,5917120,0
1757310,5917120,0
1757320,5917120,0
1757330,5917120,0
1757340,5917120,0
1757350,5917120,0
1757360,5917120,0
1757370,5917120,0
1757380,5917120,0
1757390,5917120,0
1757400,5917120,0
1757410,5917120,0
1757420,5917120,0
1757430,5917120,0
1757440,5917120,0
1757450,5917120,0
1757460,5917120,0
1757470,5917120,0
1757480,5917120,0
1757490,5917120,0
1757500,5917120,0
1757510,5917120,0
1757520,5917120,0
1757530,5917120,0
1757540,5917120,0
1757550,5917120,0
1757560,5917120,0
1757570,5917120,0
1757580,5917120,0
1757590,5917120,0
1756990,5917130,0
1757000,5917130,0
1757010,5917130,0
1757020,5917130,0
1757030,5917130,0
1757040,5917130,0
1757050,5917130,0
1757060,5917130,0
1757070,5917130,0
1757080,5917130,0
1757090,5917130,0
1757100,5917130,0
1757110,5917130,0
1757120,5917130,0
1757130,5917130,0
1757140,5917130,0
1757150,5917130,0
1757160,5917130,0
1757170,5917130,0
1757180,5917130,0
1757190,5917130,0
1757200,5917130,0
1757210,5917130,0
1757220,5917130,0
1757230,5917130,0
1757240,5917130,0
1757250,5917130,0
1757260,5917130,0
1757270,5917130,0
1757280,5917130,0
1757290,5917130,0
1757300,5917130,0
1757310,5917130,0
1757320,5917130,0
1757330,5917130,0
1757340,5917130,0
1757350,5917130,0
1757360,5917130,0
1757370,5917130,0
1757380,5917130,0
1757390,5917130,0
1757400,5917130,0
1757410,5917130,0
1757420,5917130,0
1757430,5917130,0
1757440,5917130,0
1757450,5917130,0
1757460,5917130,0
1757470,5917130,0
1757480,5917130,0
1757490,5917130,0
1757500,5917130,0
1757510,5917130,0
1757520,5917130,0
1757530,5917130,0
1757540,5917130,0
1757550,5917130,0
1757560,5917130,0
1757570,5917130,0
1757580,5917130,0
1757590,5917130,0
1756990,5917140,0
1757000,5917140,0
1757010,5917140,0
1757020,5917140,0
1757030,5917140,0
1757040,5917140,0
1757050,5917140,0
1757060,5917140,0
1757070,5917140,0
1757080,5917140,0
1757090,5917140,0
1757100,5917140,0
1757110,5917140,0
1757120,5917140,0
1757130,5917140,0
1757140,5917140,0
1757150,5917140,0
1757160,5917140,0
1757170,5917140,0
1757180,5917140,0
1757190,5917140,0
1757200,5917140,0
1757210,5917140,0
1757220,5917140,0
1757230,5917140,0
1757240,5917140,0
1757250,5917140,0
1757260,5917140,0
1757270,5917140,0
1757280,5917140,0
1757290,5917140,0
1757300,5917140,0
1757310,5917140,0
1757320,5917140,0
1757330,5917140,0
1757340,5917140,0
1757350,5917140,0
1757360,5917140,0
1757370,5917140,0
1757380,5917140,0
1757390,5917140,0
1757400,5917140,0
1757410,5917140,0
1757420,5917140,0
1757430,5917140,0
1757440,5917140,0
1757450,5917140,0
1757460,5917140,0
1757470,5917140,0
1757480,5917140,0
1757490,5917140,0
1757500,5917140,0
1757510,5917140,0
1757520,5917140,0
1757530,5917140,0
1757540,5917140,0
1757550,5917140,0
1757560,5917140,0
1757570,5917140,0
1757580,5917140,0
1757590,5917140,0
1756990,5917150,0
1757000,5917150,0
1757010,5917150,0
1757020,5917150,0
1757030,5917150,0
1757040,5917150,0
1757050,5917150,0
1757060,5917150,0
1757070,5917150,0
1757080,5917150,0
1757090,5917150,0
1757100,5917150,0
1757110,5917150,0
1757120,5917150,0
1757130,5917150,0
1757140,5917150,0
1757150,5917150,0
1757160,5917150,0
1757170,5917150,0
1757180,5917150,0
1757190,5917150,0
1757200,5917150,0
1757210,5917150,0
1757220,5917150,0
1757230,5917150,0
1757240,5917150,0
1757250,5917150,0
1757260,5917150,0
1757270,5917150,0
1757280,5917150,0
1757290,5917150,0
1757300,5917150,0
1757310,5917150,0
1757320,5917150,0
1757330,5917150,0
1757340,5917150,0
1757350,5917150,0
1757360,5917150,0
1757370,5917150,0
1757380,5917150,0
1757390,5917150,0
1757400,5917150,0
1757410,5917150,0
1757420,5917150,0
1757430,5917150,0
1757440,5917150,0
1757450,5917150,0
1757460,5917150,0
1757470,5917150,0
1757480,5917150,0
1757490,5917150,0
1757500,5917150,0
1757510,5917150,0
1757520,5917150,0
1757530,5917150,0
1757540,5917150,0
1757550,5917150,0
1757560,5917150,0
1757570,5917150,0
1757580,5917150,0
1757590,5917150,0
1756990,5917160,0
1757000,5917160,0
1757010,5917160,0
1757020,5917160,0
1757030,5917160,0
1757040,5917160,0
1757050,5917160,0
1757060,5917160,0
1757070,5917160,0
1757080,5917160,0
1757090,5917160,0
1757100,5917160,0
1757110,5917160,0
1757120,5917160,0
1757130,5917160,0
1757140,5917160,0
1757150,5917160,0
1757160,5917160,0
1757170,5917160,0
1757180,5917160,0
1757190,5917160,0
1757200,5917160,0
1757210,5917160,0
1757220,5917160,0
1757230,5917160,0
1757240,5917160,0
1757250,5917160,0
1757260,5917160,0
1757270,5917160,0
1757280,5917160,0
1757290,5917160,0
1757300,5917160,0
1757310,5917160,0
1757320,5917160,0
1757330,5917160,0
1757340,5917160,0
1757350,5917160,0
1757360,5917160,0
1757370,5917160,0
1757380,5917160,0
1757390,5917160,0
1757400,5917160,0
1757410,5917160,0
1757420,5917160,0
1757430,5917160,0
1757440,5917160,0
1757450,5917160,0
1757460,5917160,0
1757470,5917160,0
1757480,5917160,0
1757490,5917160,0
1757500,5917160,0
1757510,5917160,0
1757520,5917160,0
1757530,5917160,0
1757540,5917160,0
1757550,5917160,0
1757560,5917160,0
1757570,5917160,0
1757580,5917160,0
1757590,5917160,0
1756990,5917170,0
1757000,5917170,0
1757010,5917170,0
1757020,5917170,0
1757030,5917170,0
1757040,5917170,0
1757050,5917170,0
1757060,5917170,0
1757070,5917170,0
1757080,5917170,0
1757090,5917170,0
1757100,5917170,0
1757110,5917170,0
1757120,5917170,0
1757130,5917170,0
1757140,5917170,0
1757150,5917170,0
1757160,5917170,0
1757170,5917170,0
1757180,5917170,0
1757190,5917170,0
1757200,5917170,0
1757210,5917170,0
1757220,5917170,0
1757230,5917170,0
1757240,5917170,0
1757250,5917170,0
1757260,5917170,0
1757270,5917170,0
1757280,5917170,0
1757290,5917170,0
1757300,5917170,0
1757310,5917170,0
1757320,5917170,0
1757330,5917170,0
1757340,5917170,0
1757350,5917170,0
1757360,5917170,0
1757370,5917170,0
1757380,5917170,0
1757390,5917170,0
1757400,5917170,0
1757410,5917170,0
1757420,5917170,0
1757430,5917170,0
1757440,5917170,0
1757450,5917170,0
1757460,5917170,0
1757470,5917170,0
1757480,5917170,0
1757490,5917170,0
1757500,5917170,0
1757510,5917170,0
1757520,5917170,0
1757530,5917170,0
1757540,5917170,0
1757550,5917170,0
1757560,5917170,0
1757570,5917170,0
1757580,5917170,0
1757590,5917170,0
1756990,5917180,0
1757000,5917180,0
1757010,5917180,0
1757020,5917180,0
1757030,5917180,0
1757040,5917180,0
1757050,5917180,0
1757060,5917180,0
1757070,5917180,0
1757080,5917180,0
1757090,5917180,0
1757100,5917180,0
1757110,5917180,0
1757120,5917180,0
1757130,5917180,0
1757140,5917180,0
1757150,5917180,0
1757160,5917180,0
1757170,5917180,0
1757180,5917180,0
1757190,5917180,0
1757200,5917180,0
1757210,5917180,0
1757220,5917180,0
1757230,5917180,0
1757240,5917180,0
1757250,5917180,0
1757260,5917180,0
1757270,5917180,0
1757280,5917180,0
1757290,5917180,0
1757300,5917180,0
1757310,5917180,0
1757320,5917180,0
1757330,5917180,0
1757340,5917180,0
1757350,5917180,0
1757360,5917180,0
1757370,5917180,0
1757380,5917180,0
1757390,5917180,0
1757400,5917180,0
1757410,5917180,0
1757420,5917180,0
1757430,5917180,0
1757440,5917180,0
1757450,5917180,0
1757460,5917180,0
1757470,5917180,0
1757480,5917180,0
1757490,5917180,0
1757500,5917180,0
1757510,5917180,0
1757520,5917180,0
1757530,5917180,0
1757540,5917180,0
1757550,5917180,0
1757560,5917180,0
1757570,5917180,0
1757580,5917180,0
1757590,5917180,0
1756990,5917190,0
1757000,5917190,0
1757010,5917190,0
1757020,5917190,0
1757030,5917190,0
1757040,5917190,0
1757050,5917190,0
1757060,5917190,0
1757070,5917190,0
1757080,5917190,0
1757090,5917190,0
1757100,5917190,0
1757110,5917190,0
1757120,5917190,0
1757130,5917190,0
1757140,5917190,0
1757150,5917190,0
1757160,5917190,0
1757170,5917190,0
1757180,5917190,0
1757190,5917190,0
1757200,5917190,0
1757210,5917190,0
1757220,5917190,0
1757230,5917190,0
1757240,5917190,0
1757250,5917190,0
1757260,5917190,0
1757270,5917190,0
1757280,5917190,0
1757290,5917190,0
1757300,5917190,0
1757310,5917190,0
1757320,5917190,0
1757330,5917190,0
1757340,5917190,0
1757350,5917190,0
1757360,5917190,0
1757370,5917190,0
1757380,5917190,0
1757390,5917190,0
1757400,5917190,0
1757410,5917190,0
1757420,5917190,0
1757430,5917190,0
1757440,5917190,0
1757450,5917190,0
1757460,5917190,0
1757470,5917190,0
1757480,5917190,0
1757490,5917190,0
1757500,5917190,0
1757510,5917190,0
1757520,5917190,0
1757530,5917190,0
1757540,5917190,0
1757550,5917190,0
1757560,5917190,0
1757570,5917190,0
1757580,5917190,0
1757590,5917190,0
1756990,5917200,0
1757000,5917200,0
1757010,5917200,0
1757020,5917200,0
1757030,5917200,0
1757040,5917200,0
1757050,5917200,0
1757060,5917200,0
1757070,5917200,0
1757080,5917200,0
1757090,5917200,0
1757100,5917200,0
1757110,5917200,0
1757120,5917200,0
1757130,5917200,0
1757140,5917200,0
1757150,5917200,0
1757160,5917200,0
1757170,5917200,0
1757180,5917200,0
1757190,5917200,0
1757200,5917200,0
1757210,5917200,0
1757220,5917200,0
1757230,5917200,0
1757240,5917200,0
1757250,5917200,0
1757260,5917200,0
1757270,5917200,0
1757280,5917200,0
1757290,5917200,0
1757300,5917200,0
1757310,5917200,0
1757320,5917200,0
1757330,5917200,0
1757340,5917200,0
1757350,5917200,0
1757360,5917200,0
1757370,5917200,0
1757380,5917200,0
1757390,5917200,0
1757400,5917200,0
1757410,5917200,0
1757420,5917200,0
1757430,5917200,0
1757440,5917200,0
1757450,5917200,0
1757460,5917200,0
1757470,5917200,0
1757480,5917200,0
1757490,5917200,0
1757500,5917200,0
1757510,5917200,0
1757520,5917200,0
1757530,5917200,0
1757540,5917200,0
1757550,5917200,0
1757560,5917200,0
1757570,5917200,0
1757580,5917200,0
1757590,5917200,0
1756990,5917210,0
1757000,5917210,0
1757010,5917210,0
1757020,5917210,0
1757030,5917210,0
1757040,5917210,0
1757050,5917210,0
1757060,5917210,0
1757070,5917210,0
1757080,5917210,0
1757090,5917210,0
1757100,5917210,0
1757110,5917210,0
1757120,5917210,0
1757130,5917210,0
1757140,5917210,0
1757150,5917210,0
1757160,5917210,0
1757170,5917210,0
1757180,5917210,0
1757190,5917210,0
1757200,5917210,0
1757210,5917210,0
1757220,5917210,0
1757230,5917210,0
1757240,5917210,0
1757250,5917210,0
1757260,5917210,0
1757270,5917210,0
1757280,5917210,0
1757290,5917210,0
1757300,5917210,0
1757310,5917210,0
1757320,5917210,0
1757330,5917210,0
1757340,5917210,0
1757350,5917210,0
1757360,5917210,0
1757370,5917210,0
1757380,5917210,0
1757390,5917210,0
1757400,5917210,0
1757410,5917210,0
1757420,5917210,0
1757430,5917210,0
1757440,5917210,0
1757450,5917210,0
1757460,5917210,0
1757470,5917210,0
1757480,5917210,0
1757490,5917210,0
1757500,5917210,0
1757510,5917210,0
1757520,5917210,0
1757530,5917210,0
1757540,5917210,0
1757550,5917210,0
1757560,5917210,0
1757570,5917210,0
1757580,5917210,0
1757590,5917210,0
1756990,5917220,0
1757000,5917220,0
1757010,5917220,0
1757020,5917220,0
1757030,5917220,0
1757040,5917220,0
1757050,5917220,0
1757060,5917220,0
1757070,5917220,0
1757080,5917220,0
1757090,5917220,0
1757100,5917220,0
1757110,5917220,0
1757120,5917220,0
1757130,5917220,0
1757140,5917220,0
1757150,5917220,0
1757160,5917220,0
1757170,5917220,0
1757180,5917220,0
1757190,5917220,0
1757200,5917220,0
1757210,5917220,0
1757220,5917220,0
1757230,5917220,0
1757240,5917220,0
1757250,5917220,0
1757260,5917220,0
1757270,5917220,0
1757280,5917220,0
1757290,5917220,0
1757300,5917220,0
1757310,5917220,0
1757320,5917220,0
1757330,5917220,0
1757340,5917220,0
1757350,5917220,0
1757360,5917220,0
1757370,5917220,0
1757380,5917220,0
1757390,5917220,0
1757400,5917220,0
1757410,5917220,0
1757420,5917220,0
1757430,5917220,0
1757440,5917220,0
1757450,5917220,0
1757460,5917220,0
1757470,5917220,0
1757480,5917220,0
1757490,5917220,0
1757500,5917220,0
1757510,5917220,0
1757520,5917220,0
1757530,5917220,0
1757540,5917220,0
1757550,5917220,0
1757560,5917220,0
1757570,5917220,0
1757580,5917220,0
1757590,5917220,0
1756990,5917230,0
1757000,5917230,0
1757010,5917230,0
1757020,5917230,0
1757030,5917230,0
1757040,5917230,0
1757050,5917230,0
1757060,5917230,0
1757070,5917230,0
1757080,5917230,0
1757090,5917230,0
1757100,5917230,0
1757110,5917230,0
1757120,5917230,0
1757130,5917230,0
1757140,5917230,0
1757150,5917230,0
1757160,5917230,0
1757170,5917230,0
1757180,5917230,0
1757190,5917230,0
1757200,5917230,0
1757210,5917230,0
1757220,5917230,0
1757230,5917230,0
1757240,5917230,0
1757250,5917230,0
1757260,5917230,0
1757270,5917230,0
1757280,5917230,0
1757290,5917230,0
1757300,5917230,0
1757310,5917230,0
1757320,5917230,0
1757330,5917230,0
1757340,5917230,0
1757350,5917230,0
1757360,5917230,0
1757370,5917230,0
1757380,5917230,0
1757390,5917230,0
1757400,5917230,0
1757410,5917230,0
1757420,5917230,0
1757430,5917230,0
1757440,5917230,0
1757450,5917230,0
1757460,5917230,0
1757470,5917230,0
1757480,5917230,0
1757490,5917230,0
1757500,5917230,0
1757510,5917230,0
1757520,5917230,0
1757530,5917230,0
1757540,5917230,0
1757550,5917230,0
1757560,5917230,0
1757570,5917230,0
1757580,5917230,0
1757590,5917230,0
1756990,5917240,0
1757000,5917240,0
1757010,5917240,0
1757020,5917240,0
1757030,5917240,0
1757040,5917240,0
1757050,5917240,0
1757060,5917240,0
1757070,5917240,0
1757080,5917240,0
1757090,5917240,0
1757100,5917240,0
1757110,5917240,0
1757120,5917240,0
1757130,5917240,0
1757140,5917240,0
1757150,5917240,0
1757160,5917240,0
1757170,5917240,0
1757180,5917240,0
1757190,5917240,0
1757200,5917240,0
1757210,5917240,0
1757220,5917240,0
1757230,5917240,0
1757240,5917240,0
1757250,5917240,0
1757260,5917240,0
1757270,5917240,0
1757280,5917240,0
1757290,5917240,0
1757300,5917240,0
1757310,5917240,0
1757320,5917240,0
1757330,5917240,0
1757340,5917240,0
1757350,5917240,0
1757360,5917240,0
1757370,5917240,0
1757380,5917240,0
1757390,5917240,0
1757400,5917240,0
1757410,5917240,0
1757420,5917240,0
1757430,5917240,0
1757440,5917240,0
1757450,5917240,0
1757460,5917240,0
1757470,5917240,0
1757480,5917240,0
1757490,5917240,0
1757500,5917240,0
1757510,5917240,0
1757520,5917240,0
1757530,5917240,0
1757540,5917240,0
1757550,5917240,0
1757560,5917240,0
1757570,5917240,0
1757580,5917240,0
1757590,5917240,0
1756990,5917250,0
1757000,5917250,0
1757010,5917250,0
1757020,5917250,0
1757030,5917250,0
1757040,5917250,0
1757050,5917250,0
1757060,5917250,0
1757070,5917250,0
1757080,5917250,0
1757090,5917250,0
1757100,5917250,0
1757110,5917250,0
1757120,5917250,0
1757130,5917250,0
1757140,5917250,0
1757150,5917250,0
1757160,5917250,0
1757170,5917250,0
1757180,5917250,0
1757190,5917250,0
1757200,5917250,0
1757210,5917250,0
1757220,5917250,0
1757230,5917250,0
1757240,5917250,0
1757250,5917250,0
1757260,5917250,0
1757270,5917250,0
1757280,5917250,0
1757290,5917250,0
1757300,5917250,0
1757310,5917250,0
1757320,5917250,0
1757330,5917250,0
1757340,5917250,0
1757350,5917250,0
1757360,5917250,0
1757370,5917250,0
1757380,5917250,0
1757390,5917250,0
1757400,5917250,0
1757410,5917250,0
1757420,5917250,0
1757430,5917250,0
1757440,5917250,0
1757450,5917250,0
1757460,5917250,0
1757470,5917250,0
1757480,5917250,0
1757490,5917250,0
1757500,5917250,0
1757510,5917250,0
1757520,5917250,0
1757530,5917250,0
1757540,5917250,0
1757550,5917250,0
1757560,5917250,0
1757570,5917250,0
1757580,5917250,0
1757590,5917250,0
1756990,5917260,0
1757000,5917260,0
1757010,5917260,0
1757020,5917260,0
1757030,5917260,0
1757040,5917260,0
1757050,5917260,0
1757060,5917260,0
1757070,5917260,0
1757080,5917260,0
1757090,5917260,0
1757100,5917260,0
1757110,5917260,0
1757120,5917260,0
1757130,5917260,0
1757140,5917260,0
1757150,5917260,0
1757160,5917260,0
1757170,5917260,0
1757180,5917260,0
1757190,5917260,0
1757200,5917260,0
1757210,5917260,0
1757220,5917260,0
1757230,5917260,0
1757240,5917260,0
1757250,5917260,0
1757260,5917260,0
1757270,5917260,0
1757280,5917260,0
1757290,5917260,0
1757300,5917260,0
1757310,5917260,0
1757320,5917260,0
1757330,5917260,0
1757340,5917260,0
1757350,5917260,0
1757360,5917260,0
1757370,5917260,0
1757380,5917260,0
1757390,5917260,0
1757400,5917260,0
1757410,5917260,0
1757420,5917260,0
1757430,5917260,0
1757440,5917260,0
1757450,5917260,0
1757460,5917260,0
1757470,5917260,0
1757480,5917260,0
1757490,5917260,0
1757500,5917260,0
1757510,5917260,0
1757520,5917260,0
1757530,5917260,0
1757540,5917260,0
1757550,5917260,0
1757560,5917260,0
1757570,5917260,0
1757580,5917260,0
1757590,5917260,0
1756990,5917270,0
1757000,5917270,0
1757010,5917270,0
1757020,5917270,0
1757030,5917270,0
1757040,5917270,0
1757050,5917270,0
1757060,5917270,0
1757070,5917270,0
1757080,5917270,0
1757090,5917270,0
1757100,5917270,0
1757110,5917270,0
1757120,5917270,0
1757130,5917270,0
1757140,5917270,0
1757150,5917270,0
1757160,5917270,0
1757170,5917270,0
1757180,5917270,0
1757190,5917270,0
1757200,5917270,0
1757210,5917270,0
1757220,5917270,0
1757230,5917270,0
1757240,5917270,0
1757250,5917270,0
1757260,5917270,0
1757270,5917270,0
1757280,5917270,0
1757290,5917270,0
1757300,5917270,0
1757310,5917270,0
1757320,5917270,0
1757330,5917270,0
1757340,5917270,0
1757350,5917270,0
1757360,5917270,0
1757370,5917270,0
1757380,5917270,0
1757390,5917270,0
1757400,5917270,0
1757410,5917270,0
1757420,5917270,0
1757430,5917270,0
1757440,5917270,0
1757450,5917270,0
1757460,5917270,0
1757470,5917270,0
1757480,5917270,0
1757490,5917270,0
1757500,5917270,0
1757510,5917270,0
1757520,5917270,0
1757530,5917270,0
1757540,5917270,0
1757550,5917270,0
1757560,5917270,0
1757570,5917270,0
1757580,5917270,0
1757590,5917270,0
1756990,5917280,0
1757000,5917280,0
1757010,5917280,0
1757020,5917280,0
1757030,5917280,0
1757040,5917280,0
1757050,5917280,0
1757060,5917280,0
1757070,5917280,0
1757080,5917280,0
1757090,5917280,0
1757100,5917280,0
1757110,5917280,0
1757120,5917280,0
1757130,5917280,0
1757140,5917280,0
1757150,5917280,0
1757160,5917280,0
1757170,5917280,0
1757180,5917280,0
1757190,5917280,0
1757200,5917280,0
1757210,5917280,0
1757220,5917280,0
1757230,5917280,0
1757240,5917280,0
1757250,5917280,0
1757260,5917280,0
1757270,5917280,0
1757280,5917280,0
1757290,5917280,0
1757300,5917280,0
1757310,5917280,0
1757320,5917280,0
1757330,5917280,0
1757340,5917280,0
1757350,5917280,0
1757360,5917280,0
1757370,5917280,0
1757380,5917280,0
1757390,5917280,0
1757400,5917280,0
1757410,5917280,0
1757420,5917280,0
1757430,5917280,0
1757440,5917280,0
1757450,5917280,0
1757460,5917280,0
1757470,5917280,0
1757480,5917280,0
1757490,5917280,0
1757500,5917280,0
1757510,5917280,0
1757520,5917280,0
1757530,5917280,0
1757540,5917280,0
1757550,5917280,0
1757560,5917280,0
1757570,5917280,0
1757580,5917280,0
1757590,5917280,0
1756990,5917290,0
1757000,5917290,0
1757010,5917290,0
1757020,5917290,0
1757030,5917290,0
1757040,5917290,0
1757050,5917290,0
1757060,5917290,0
1757070,5917290,0
1757080,5917290,0
1757090,5917290,0
1757100,5917290,0
1757110,5917290,0
1757120,5917290,0
1757130,5917290,0
1757140,5917290,0
1757150,5917290,0
1757160,5917290,0
1757170,5917290,0
1757180,5917290,0
1757190,5917290,0
1757200,5917290,0
1757210,5917290,0
1757220,5917290,0
1757230,5917290,0
1757240,5917290,0
1757250,5917290,0
1757260,5917290,0
1757270,5917290,0
1757280,5917290,0
1757290,5917290,0
1757300,5917290,0
1757310,5917290,0
1757320,5917290,0
1757330,5917290,0
1757340,5917290,0
1757350,5917290,0
1757360,5917290,0
1757370,5917290,0
1757380,5917290,0
1757390,5917290,0
1757400,5917290,0
1757410,5917290,0
1757420,5917290,0
1757430,5917290,0
1757440,5917290,0
1757450,5917290,0
1757460,5917290,0
1757470,5917290,0
1757480,5917290,0
1757490,5917290,0
1757500,5917290,0
1757510,5917290,0
1757520,5917290,0
1757530,5917290,0
1757540,5917290,0
1757550,5917290,0
1757560,5917290,0
1757570,5917290,0
1757580,5917290,0
1757590,5917290,0
1756990,5917300,0
1757000,5917300,0
1757010,5917300,0
1757020,5917300,0
1757030,5917300,0
1757040,5917300,0
1757050,5917300,0
1757060,5917300,0
1757070,5917300,0
1757080,5917300,0
1757090,5917300,0
1757100,5917300,0
1757110,5917300,0
1757120,5917300,0
1757130,5917300,0
1757140,5917300,0
1757150,5917300,0
1757160,5917300,0
1757170,5917300,0
1757180,5917300,0
1757190,5917300,0
1757200,5917300,0
1757210,5917300,0
1757220,5917300,0
1757230,5917300,0
1757240,5917300,0
1757250,5917300,0
1757260,5917300,0
1757270,5917300,0
1757280,5917300,0
1757290,5917300,0
1757300,5917300,0
1757310,5917300,0
1757320,5917300,0
1757330,5917300,0
1757340,5917300,0
1757350,5917300,0
1757360,5917300,0
1757370,5917300,0
1757380,5917300,0
1757390,5917300,0
1757400,5917300,0
1757410,5917300,0
1757420,5917300,0
1757430,5917300,0
1757440,5917300,0
1757450,5917300,0
1757460,5917300,0
1757470,5917300,0
1757480,5917300,0
1757490,5917300,0
1757500,5917300,0
1757510,5917300,0
1757520,5917300,0
1757530,5917300,0
1757540,5917300,0
1757550,5917300,0
1757560,5917300,0
1757570,5917300,0
1757580,5917300,0
1757590,5917300,0
1756990,5917310,0
1757000,5917310,0
1757010,5917310,0
1757020,5917310,0
1757030,5917310,0
1757040,5917310,0
1757050,5917310,0
1757060,5917310,0
1757070,5917310,0
1757080,5917310,0
1757090,5917310,0
1757100,5917310,0
1757110,5917310,0
1757120,5917310,0
1757130,5917310,0
1757140,5917310,0
1757150,5917310,0
1757160,5917310,0
1757170,5917310,0
1757180,5917310,0
1757190,5917310,0
1757200,5917310,0
1757210,5917310,0
1757220,5917310,0
1757230,5917310,0
1757240,5917310,0
1757250,5917310,0
1757260,5917310,0
1757270,5917310,0
1757280,5917310,0
1757290,5917310,0
1757300,5917310,0
1757310,5917310,0
1757320,5917310,0
1757330,5917310,0
1757340,5917310,0
1757350,5917310,0
1757360,5917310,0
1757370,5917310,0
1757380,5917310,0
1757390,5917310,0
1757400,5917310,0
1757410,5917310,0
1757420,5917310,0
1757430,5917310,0
1757440,5917310,0
1757450,5917310,0
1757460,5917310,0
1757470,5917310,0
1757480,5917310,0
1757490,5917310,0
1757500,5917310,0
1757510,5917310,0
1757520,5917310,0
1757530,5917310,0
1757540,5917310,0
1757550,5917310,0
1757560,5917310,0
1757570,5917310,0
1757580,5917310,0
1757590,5917310,0
1756990,5917320,0
1757000,5917320,0
1757010,5917320,0
1757020,5917320,0
1757030,5917320,0
1757040,5917320,0
1757050,5917320,0
1757060,5917320,0
1757070,5917320,0
1757080,5917320,0
1757090,5917320,0
1757100,5917320,0
1757110,5917320,0
1757120,5917320,0
1757130,5917320,0
1757140,5917320,0
1757150,5917320,0
1757160,5917320,0
1757170,5917320,0
1757180,5917320,0
1757190,5917320,0
1757200,5917320,0
1757210,5917320,0
1757220,5917320,0
1757230,5917320,0
1757240,5917320,0
1757250,5917320,0
1757260,5917320,0
1757270,5917320,0
1757280,5917320,0
1757290,5917320,0
1757300,5917320,0
1757310,5917320,0
1757320,5917320,0
1757330,5917320,0
1757340,5917320,0
1757350,5917320,0
1757360,5917320,0
1757370,5917320,0
1757380,5917320,0
1757390,5917320,0
1757400,5917320,0
1757410,5917320,0
1757420,5917320,0
1757430,5917320,0
1757440,5917320,0
1757450,5917320,0
1757460,5917320,0
1757470,5917320,0
1757480,5917320,0
1757490,5917320,0
1757500,5917320,0
1757510,5917320,0
1757520,5917320,0
1757530,5917320,0
1757540,5917320,0
1757550,5917320,0
1757560,5917320,0
1757570,5917320,0
1757580,5917320,0
1757590,5917320,0
1756990,5917330,0
1757000,5917330,0
1757010,5917330,0
1757020,5917330,0
1757030,5917330,0
1757040,5917330,0
1757050,5917330,0
1757060,5917330,0
1757070,5917330,0
1757080,5917330,0
1757090,5917330,0
1757100,5917330,0
1757110,5917330,0
1757120,5917330,0
1757130,5917330,0
1757140,5917330,0
1757150,5917330,0
1757160,5917330,0
1757170,5917330,0
1757180,5917330,0
1757190,5917330,0
1757200,5917330,0
1757210,5917330,0
1757220,5917330,0
1757230,5917330,0
1757240,5917330,0
1757250,5917330,0
1757260,5917330,0
1757270,5917330,0
1757280,5917330,0
1757290,5917330,0
1757300,5917330,0
1757310,5917330,0
1757320,5917330,0
1757330,5917330,0
1757340,5917330,0
1757350,5917330,0
1757360,5917330,0
1757370,5917330,0
1757380,5917330,0
1757390,5917330,0
1757400,5917330,0
1757410,5917330,0
1757420,5917330,0
1757430,5917330,0
1757440,5917330,0
1757450,5917330,0
1757460,5917330,0
1757470,5917330,0
1757480,5917330,0
1757490,5917330,0
1757500,5917330,0
1757510,5917330,0
1757520,5917330,0
1757530,5917330,0
1757540,5917330,0
1757550,5917330,0
1757560,5917330,0
1757570,5917330,0
1757580,5917330,0
1757590,5917330,0
1756990,5917340,0
1757000,5917340,0
1757010,5917340,0
1757020,5917340,0
1757030,5917340,0
1757040,5917340,0
1757050,5917340,0
1757060,5917340,0
1757070,5917340,0
1757080,5917340,0
1757090,5917340,0
1757100,5917340,0
1757110,5917340,0
1757120,5917340,0
1757130,5917340,0
1757140,5917340,0
1757150,5917340,0
1757160,5917340,0
1757170,5917340,0
1757180,5917340,0
1757190,5917340,0
1757200,5917340,0
1757210,5917340,0
1757220,5917340,0
1757230,5917340,0
1757240,5917340,0
1757250,5917340,0
1757260,5917340,0
1757270,5917340,0
1757280,5917340,0
1757290,5917340,0
1757300,5917340,0
1757310,5917340,0
1757320,5917340,0
1757330,5917340,0
1757340,5917340,0
1757350,5917340,0
1757360,5917340,0
1757370,5917340,0
1757380,5917340,0
1757390,5917340,0
1757400,5917340,0
1757410,5917340,0
1757420,5917340,0
1757430,5917340,0
1757440,5917340,0
1757450,5917340,0
1757460,5917340,0
1757470,5917340,0
1757480,5917340,0
1757490,5917340,0
1757500,5917340,0
1757510,5917340,0
1757520,5917340,0
1757530,5917340,0
1757540,5917340,0
1757550,5917340,0
1757560,5917340,0
1757570,5917340,0
1757580,5917340,0
1757590,5917340,0
1756990,5917350,0
1757000,5917350,0
1757010,5917350,0
1757020,5917350,0
1757030,5917350,0
1757040,5917350,0
1757050,5917350,0
1757060,5917350,0
1757070,5917350,0
1757080,5917350,0
1757090,5917350,0
1757100,5917350,0
1757110,5917350,0
1757120,5917350,0
1757130,5917350,0
1757140,5917350,0
1757150,5917350,0
1757160,5917350,0
1757170,5917350,0
1757180,5917350,0
1757190,5917350,0
1757200,5917350,0
1757210,5917350,0
1757220,5917350,0
1757230,5917350,0
1757240,5917350,0
1757250,5917350,0
1757260,5917350,0
1757270,5917350,0
1757280,5917350,0
1757290,5917350,0
1757300,5917350,0
1757310,5917350,0
1757320,5917350,0
1757330,5917350,0
1757340,5917350,0
1757350,5917350,0
1757360,5917350,0
1757370,5917350,0
1757380,5917350,0
1757390,5917350,0
1757400,5917350,0
1757410,5917350,0
1757420,5917350,0
1757430,5917350,0
1757440,5917350,0
1757450,5917350,0
1757460,5917350,0
1757470,5917350,0
1757480,5917350,0
1757490,5917350,0
1757500,5917350,0
1757510,5917350,0
1757520,5917350,0
1757530,5917350,0
1757540,5917350,0
1757550,5917350,0
1757560,5917350,0
1757570,5917350,0
1757580,5917350,0
1757590,5917350,0
1756990,5917360,0
1757000,5917360,0
1757010,5917360,0
1757020,5917360,0
1757030,5917360,0
1757040,5917360,0
1757050,5917360,0
1757060,5917360,0
1757070,5917360,0
1757080,5917360,0
1757090,5917360,0
1757100,5917360,0
1757110,5917360,0
1757120,5917360,0
1757130,5917360,0
1757140,5917360,0
1757150,5917360,0
1757160,5917360,0
1757170,5917360,0
1757180,5917360,0
1757190,5917360,0
1757200,5917360,0
1757210,5917360,0
1757220,5917360,0
1757230,5917360,0
1757240,5917360,0
1757250,5917360,0
1757260,5917360,0
1757270,5917360,0
1757280,5917360,0
1757290,5917360,0
1757300,5917360,0
1757310,5917360,0
1757320,5917360,0
1757330,5917360,0
1757340,5917360,0
1757350,5917360,0
1757360,5917360,0
1757370,5917360,0
1757380,5917360,0
1757390,5917360,0
1757400,5917360,0
1757410,5917360,0
1757420,5917360,0
1757430,5917360,0
1757440,5917360,0
1757450,5917360,0
1757460,5917360,0
1757470,5917360,0
1757480,5917360,0
1757490,5917360,0
1757500,5917360,0
1757510,5917360,0
1757520,5917360,0
1757530,5917360,0
1757540,5917360,0
1757550,5917360,0
1757560,5917360,0
1757570,5917360,0
1757580,5917360,0
1757590,5917360,0
1756990,5917370,0
1757000,5917370,0
1757010,5917370,0
1757020,5917370,0
1757030,5917370,0
1757040,5917370,0
1757050,5917370,0
1757060,5917370,0
1757070,5917370,0
1757080,5917370,0
1757090,5917370,0
1757100,5917370,0
1757110,5917370,0
1757120,5917370,0
1757130,5917370,0
1757140,5917370,0
1757150,5917370,0
1757160,5917370,0
1757170,5917370,0
1757180,5917370,0
1757190,5917370,0
1757200,5917370,0
1757210,5917370,0
1757220,5917370,0
1757230,5917370,0
1757240,5917370,0
1757250,5917370,0
1757260,5917370,0
1757270,5917370,0
1757280,5917370,0
1757290,5917370,0
1757300,5917370,0
1757310,5917370,0
1757320,5917370,0
1757330,5917370,0
1757340,5917370,0
1757350,5917370,0
1757360,5917370,0
1757370,5917370,0
1757380,5917370,0
1757390,5917370,0
1757400,5917370,0
1757410,5917370,0
1757420,5917370,0
1757430,5917370,0
1757440,5917370,0
1757450,5917370,0
1757460,5917370,0
1757470,5917370,0
1757480,5917370,0
1757490,5917370,0
1757500,5917370,0
1757510,5917370,0
1757520,5917370,0
1757530,5917370,0
1757540,5917370,0
1757550,5917370,0
1757560,5917370,0
1757570,5917370,0
1757580,5917370,0
1757590,5917370,0
1756990,5917380,0
1757000,5917380,0
1757010,5917380,0
1757020,5917380,0
1757030,5917380,0
1757040,5917380,0
1757050,5917380,0
1757060,5917380,0
1757070,5917380,0
1757080,5917380,0
1757090,5917380,0
1757100,5917380,0
1757110,5917380,0
1757120,5917380,0
1757130,5917380,0
1757140,5917380,0
1757150,5917380,0
1757160,5917380,0
1757170,5917380,0
1757180,5917380,0
1757190,5917380,0
1757200,5917380,0
1757210,5917380,0
1757220,5917380,0
1757230,5917380,0
1757240,5917380,0
1757250,5917380,0
1757260,5917380,0
1757270,5917380,0
1757280,5917380,0
1757290,5917380,0
1757300,5917380,0
1757310,5917380,0
1757320,5917380,0
1757330,5917380,0
1757340,5917380,0
1757350,5917380,0
1757360,5917380,0
1757370,5917380,0
1757380,5917380,0
1757390,5917380,0
1757400,5917380,0
1757410,5917380,0
1757420,5917380,0
1757430,5917380,0
1757440,5917380,0
1757450,5917380,0
1757460,5917380,0
1757470,5917380,0
1757480,5917380,0
1757490,5917380,0
1757500,5917380,0
1757510,5917380,0
1757520,5917380,0
1757530,5917380,0
1757540,5917380,0
1757550,5917380,0
1757560,5917380,0
1757570,5917380,0
1757580,5917380,0
1757590,5917380,0
1756990,5917390,0
1757000,5917390,0
1757010,5917390,0
1757020,5917390,0
1757030,5917390,0
1757040,5917390,0
1757050,5917390,0
1757060,5917390,0
1757070,5917390,0
1757080,5917390,0
1757090,5917390,0
1757100,5917390,0
1757110,5917390,0
1757120,5917390,0
1757130,5917390,0
1757140,5917390,0
1757150,5917390,0
1757160,5917390,0
1757170,5917390,0
1757180,5917390,0
1757190,5917390,0
1757200,5917390,0
1757210,5917390,0
1757220,5917390,0
1757230,5917390,0
1757240,5917390,0
1757250,5917390,0
1757260,5917390,0
1757270,5917390,0
1757280,5917390,0
1757290,5917390,0
1757300,5917390,0
1757310,5917390,0
1757320,5917390,0
1757330,5917390,0
1757340,5917390,0
1757350,5917390,0
1757360,5917390,0
1757370,5917390,0
1757380,5917390,0
1757390,5917390,0
1757400,5917390,0
1757410,5917390,0
1757420,5917390,0
1757430,5917390,0
1757440,5917390,0
1757450,5917390,0
1757460,5917390,0
1757470,5917390,0
1757480,5917390,0
1757490,5917390,0
1757500,5917390,0
1757510,5917390,0
1757520,5917390,0
1757530,5917390,0
1757540,5917390,0
1757550,5917390,0
1757560,5917390,0
1757570,5917390,0
1757580,5917390,0
1757590,5917390,0
1756990,5917400,0
1757000,5917400,0
1757010,5917400,0
1757020,5917400,0
1757030,5917400,0
1757040,5917400,0
1757050,5917400,0
1757060,5917400,0
1757070,5917400,0
1757080,5917400,0
1757090,5917400,0
1757100,5917400,0
1757110,5917400,0
1757120,5917400,0
1757130,5917400,0
1757140,5917400,0
1757150,5917400,0
1757160,5917400,0
1757170,5917400,0
1757180,5917400,0
1757190,5917400,0
1757200,5917400,0
1757210,5917400,0
1757220,5917400,0
1757230,5917400,0
1757240,5917400,0
1757250,5917400,0
1757260,5917400,0
1757270,5917400,0
1757280,5917400,0
1757290,5917400,0
1757300,5917400,0
1757310,5917400,0
1757320,5917400,0
1757330,5917400,0
1757340,5917400,0
1757350,5917400,0
1757360,5917400,0
1757370,5917400,0
1757380,5917400,0
1757390,5917400,0
1757400,5917400,0
1757410,5917400,0
1757420,5917400,0
1757430,5917400,0
1757440,5917400,0
1757450,5917400,0
1757460,5917400,0
1757470,5917400,0
1757480,5917400,0
1757490,5917400,0
1757500,5917400,0
1757510,5917400,0
1757520,5917400,0
1757530,5917400,0
1757540,5917400,0
1757550,5917400,0
1757560,5917400,0
1757570,5917400,0
1757580,5917400,0
1757590,5917400,0
1756990,5917410,0
1757000,5917410,0
1757010,5917410,0
1757020,5917410,0
1757030,5917410,0
1757040,5917410,0
1757050,5917410,0
1757060,5917410,0
1757070,5917410,0
1757080,5917410,0
1757090,5917410,0
1757100,5917410,0
1757110,5917410,0
1757120,5917410,0
1757130,5917410,0
1757140,5917410,0
1757150,5917410,0
1757160,5917410,0
1757170,5917410,0
1757180,5917410,0
1757190,5917410,0
1757200,5917410,0
1757210,5917410,0
1757220,5917410,0
1757230,5917410,0
1757240,5917410,0
1757250,5917410,0
1757260,5917410,0
1757270,5917410,0
1757280,5917410,0
1757290,5917410,0
1757300,5917410,0
1757310,5917410,0
1757320,5917410,0
1757330,5917410,0
1757340,5917410,0
1757350,5917410,0
1757360,5917410,0
1757370,5917410,0
1757380,5917410,0
1757390,5917410,0
1757400,5917410,0
1757410,5917410,0
1757420,5917410,0
1757430,5917410,0
1757440,5917410,0
1757450,5917410,0
1757460,5917410,0
1757470,5917410,0
1757480,5917410,0
1757490,5917410,0
1757500,5917410,0
1757510,5917410,0
1757520,5917410,0
1757530,5917410,0
1757540,5917410,0
1757550,5917410,0
1757560,5917410,0
1757570,5917410,0
1757580,5917410,0
1757590,5917410,0
1756990,5917420,0
1757000,5917420,0
1757010,5917420,0
1757020,5917420,0
1757030,5917420,0
1757040,5917420,0
1757050,5917420,0
1757060,5917420,0
1757070,5917420,0
1757080,5917420,0
1757090,5917420,0
1757100,5917420,0
1757110,5917420,0
1757120,5917420,0
1757130,5917420,0
1757140,5917420,0
1757150,5917420,0
1757160,5917420,0
1757170,5917420,0
1757180,5917420,0
1757190,5917420,0
1757200,5917420,0
1757210,5917420,0
1757220,5917420,0
1757230,5917420,0
1757240,5917420,0
1757250,5917420,0
1757260,5917420,0
1757270,5917420,0
1757280,5917420,0
1757290,5917420,0
1757300,5917420,0
1757310,5917420,0
1757320,5917420,0
1757330,5917420,0
1757340,5917420,0
1757350,5917420,0
1757360,5917420,0
1757370,5917420,0
1757380,5917420,0
1757390,5917420,0
1757400,5917420,0
1757410,5917420,0
1757420,5917420,0
1757430,5917420,0
1757440,5917420,0
1757450,5917420,0
1757460,5917420,0
1757470,5917420,0
1757480,5917420,0
1757490,5917420,0
1757500,5917420,0
1757510,5917420,0
1757520,5917420,0
1757530,5917420,0
1757540,5917420,0
1757550,5917420,0
1757560,5917420,0
1757570,5917420,0
1757580,5917420,0
1757590,5917420,0
1756990,5917430,0
1757000,5917430,0
1757010,5917430,0
1757020,5917430,0
1757030,5917430,0
1757040,5917430,0
1757050,5917430,0
1757060,5917430,0
1757070,5917430,0
1757080,5917430,0
1757090,5917430,0
1757100,5917430,0
1757110,5917430,0
1757120,5917430,0
1757130,5917430,0
1757140,5917430,0
1757150,5917430,0
1757160,5917430,0
1757170,5917430,0
1757180,5917430,0
1757190,5917430,0
1757200,5917430,0
1757210,5917430,0
1757220,5917430,0
1757230,5917430,0
1757240,5917430,0
1757250,5917430,0
1757260,5917430,0
1757270,5917430,0
1757280,5917430,0
1757290,5917430,0
1757300,5917430,0
1757310,5917430,0
1757320,5917430,0
1757330,5917430,0
1757340,5917430,0
1757350,5917430,0
1757360,5917430,0
1757370,5917430,0
1757380,5917430,0
1757390,5917430,0
1757400,5917430,0
1757410,5917430,0
1757420,5917430,0
1757430,5917430,0
1757440,5917430,0
1757450,5917430,0
1757460,5917430,0
1757470,5917430,0
1757480,5917430,0
1757490,5917430,0
1757500,5917430,0
1757510,5917430,0
1757520,5917430,0
1757530,5917430,0
1757540,5917430,0
1757550,5917430,0
1757560,5917430,0
1757570,5917430,0
1757580,5917430,0
1757590,5917430,0
1756990,5917440,0
1757000,5917440,0
1757010,5917440,0
1757020,5917440,0
1757030,5917440,0
1757040,5917440,0
1757050,5917440,0
1757060,5917440,0
1757070,5917440,0
1757080,5917440,0
1757090,5917440,0
1757100,5917440,0
1757110,5917440,0
1757120,5917440,0
1757130,5917440,0
1757140,5917440,0
1757150,5917440,0
1757160,5917440,0
1757170,5917440,0
1757180,5917440,0
1757190,5917440,0
1757200,5917440,0
1757210,5917440,0
1757220,5917440,0
1757230,5917440,0
1757240,5917440,0
1757250,5917440,0
1757260,5917440,0
1757270,5917440,0
1757280,5917440,0
1757290,5917440,0
1757300,5917440,0
1757310,5917440,0
1757320,5917440,0
1757330,5917440,0
1757340,5917440,0
1757350,5917440,0
1757360,5917440,0
1757370,5917440,0
1757380,5917440,0
1757390,5917440,0
1757400,5917440,0
1757410,5917440,0
1757420,5917440,0
1757430,5917440,0
1757440,5917440,0
1757450,5917440,0
1757460,5917440,0
1757470,5917440,0
1757480,5917440,0
1757490,5917440,0
1757500,5917440,0
1757510,5917440,0
1757520,5917440,0
1757530,5917440,0
1757540,5917440,0
1757550,5917440,0
1757560,5917440,0
1757570,5917440,0
1757580,5917440,0
1757590,5917440,0
1756990,5917450,0
1757000,5917450,0
1757010,5917450,0
1757020,5917450,0
1757030,5917450,0
1757040,5917450,0
1757050,5917450,0
1757060,5917450,0
1757070,5917450,0
1757080,5917450,0
1757090,5917450,0
1757100,5917450,0
1757110,5917450,0
1757120,5917450,0
1757130,5917450,0
1757140,5917450,0
1757150,5917450,0
1757160,5917450,0
1757170,5917450,0
1757180,5917450,0
1757190,5917450,0
1757200,5917450,0
1757210,5917450,0
1757220,5917450,0
1757230,5917450,0
1757240,5917450,0
1757250,5917450,0
1757260,5917450,0
1757270,5917450,0
1757280,5917450,0
1757290,5917450,0
1757300,5917450,0
1757310,5917450,0
1757320,5917450,0
1757330,5917450,0
1757340,5917450,0
1757350,5917450,0
1757360,5917450,0
1757370,5917450,0
1757380,5917450,0
1757390,5917450,0
1757400,5917450,0
1757410,5917450,0
1757420,5917450,0
1757430,5917450,0
1757440,5917450,0
1757450,5917450,0
1757460,5917450,0
1757470,5917450,0
1757480,5917450,0
1757490,5917450,0
1757500,5917450,0
1757510,5917450,0
1757520,5917450,0
1757530,5917450,0
1757540,5917450,0
1757550,5917450,0
1757560,5917450,0
1757570,5917450,0
1757580,5917450,0
1757590,5917450,0
1756990,5917460,0
1757000,5917460,0
1757010,5917460,0
1757020,5917460,0
1757030,5917460,0
1757040,5917460,0
1757050,5917460,0
1757060,5917460,0
1757070,5917460,0
1757080,5917460,0
1757090,5917460,0
1757100,5917460,0
1757110,5917460,0
1757120,5917460,0
1757130,5917460,0
1757140,5917460,0
1757150,5917460,0
1757160,5917460,0
1757170,5917460,0
1757180,5917460,0
1757190,5917460,0
1757200,5917460,0
1757210,5917460,0
1757220,5917460,0
1757230,5917460,0
1757240,5917460,0
1757250,5917460,0
1757260,5917460,0
1757270,5917460,0
1757280,5917460,0
1757290,5917460,0
1757300,5917460,0
1757310,5917460,0
1757320,5917460,0
1757330,5917460,0
1757340,5917460,0
1757350,5917460,0
1757360,5917460,0
1757370,5917460,0
1757380,5917460,0
1757390,5917460,0
1757400,5917460,0
1757410,5917460,0
1757420,5917460,0
1757430,5917460,0
1757440,5917460,0
1757450,5917460,0
1757460,5917460,0
1757470,5917460,0
1757480,5917460,0
1757490,5917460,0
1757500,5917460,0
1757510,5917460,0
1757520,5917460,0
1757530,5917460,0
1757540,5917460,0
1757550,5917460,0
1757560,5917460,0
1757570,5917460,0
1757580,5917460,0
1757590,5917460,0
1756990,5917470,0
1757000,5917470,0
1757010,5917470,0
1757020,5917470,0
1757030,5917470,0
1757040,5917470,0
1757050,5917470,0
1757060,5917470,0
1757070,5917470,0
1757080,5917470,0
1757090,5917470,0
1757100,5917470,0
1757110,5917470,0
1757120,5917470,0
1757130,5917470,0
1757140,5917470,0
1757150,5917470,0
1757160,5917470,0
1757170,5917470,0
1757180,5917470,0
1757190,5917470,0
1757200,5917470,0
1757210,5917470,0
1757220,5917470,0
1757230,5917470,0
1757240,5917470,0
1757250,5917470,0
1757260,5917470,0
1757270,5917470,0
1757280,5917470,0
1757290,5917470,0
1757300,5917470,0
1757310,5917470,0
1757320,5917470,0
1757330,5917470,0
1757340,5917470,0
1757350,5917470,0
1757360,5917470,0
1757370,5917470,0
1757380,5917470,0
1757390,5917470,0
1757400,5917470,0
1757410,5917470,0
1757420,5917470,0
1757430,5917470,0
1757440,5917470,0
1757450,5917470,0
1757460,5917470,0
1757470,5917470,0
1757480,5917470,0
1757490,5917470,0
1757500,5917470,0
1757510,5917470,0
1757520,5917470,0
1757530,5917470,0
1757540,5917470,0
1757550,5917470,0
1757560,5917470,0
1757570,5917470,0
1757580,5917470,0
1757590,5917470,0
1756990,5917480,0
1757000,5917480,0
1757010,5917480,0
1757020,5917480,0
1757030,5917480,0
1757040,5917480,0
1757050,5917480,0
1757060,5917480,0
1757070,5917480,0
1757080,5917480,0
1757090,5917480,0
1757100,5917480,0
1757110,5917480,0
1757120,5917480,0
1757130,5917480,0
1757140,5917480,0
1757150,5917480,0
1757160,5917480,0
1757170,5917480,0
1757180,5917480,0
1757190,5917480,0
1757200,5917480,0
1757210,5917480,0
1757220,5917480,0
1757230,5917480,0
1757240,5917480,0
1757250,5917480,0
1757260,5917480,0
1757270,5917480,0
1757280,5917480,0
1757290,5917480,0
1757300,5917480,0
1757310,5917480,0
1757320,5917480,0
1757330,5917480,0
1757340,5917480,0
1757350,5917480,0
1757360,5917480,0
1757370,5917480,0
1757380,5917480,0
1757390,5917480,0
1757400,5917480,0
1757410,5917480,0
1757420,5917480,0
1757430,5917480,0
1757440,5917480,0
1757450,5917480,0
1757460,5917480,0
1757470,5917480,0
1757480,5917480,0
1757490,5917480,0
1757500,5917480,0
1757510,5917480,0
1757520,5917480,0
1757530,5917480,0
1757540,5917480,0
1757550,5917480,0
1757560,5917480,0
1757570,5917480,0
1757580,5917480,0
1757590,5917480,0
1756990,5917490,0
1757000,5917490,0
1757010,5917490,0
1757020,5917490,0
1757030,5917490,0
1757040,5917490,0
1757050,5917490,0
1757060,5917490,0
1757070,5917490,0
1757080,5917490,0
1757090,5917490,0
1757100,5917490,0
1757110,5917490,0
1757120,5917490,0
1757130,5917490,0
1757140,5917490,0
1757150,5917490,0
1757160,5917490,0
1757170,5917490,0
1757180,5917490,0
1757190,5917490,0
1757200,5917490,0
1757210,5917490,0
1757220,5917490,0
1757230,5917490,0
1757240,5917490,0
1757250,5917490,0
1757260,5917490,0
1757270,5917490,0
1757280,5917490,0
1757290,5917490,0
1757300,5917490,0
1757310,5917490,0
1757320,5917490,0
1757330,5917490,0
1757340,5917490,0
1757350,5917490,0
1757360,5917490,0
1757370,5917490,0
1757380,5917490,0
1757390,5917490,0
1757400,5917490,0
1757410,5917490,0
1757420,5917490,0
1757430,5917490,0
1757440,5917490,0
1757450,5917490,0
1757460,5917490,0
1757470,5917490,0
1757480,5917490,0
1757490,5917490,0
1757500,5917490,0
1757510,5917490,0
1757520,5917490,0
1757530,5917490,0
1757540,5917490,0
1757550,5917490,0
1757560,5917490,0
1757570,5917490,0
1757580,5917490,0
1757590,5917490,0
1756990,5917500,0
1757000,5917500,0
1757010,5917500,0
1757020,5917500,0
1757030,5917500,0
1757040,5917500,0
1757050,5917500,0
1757060,5917500,0
1757070,5917500,0
1757080,5917500,0
1757090,5917500,0
1757100,5917500,0
1757110,5917500,0
1757120,5917500,0
1757130,5917500,0
1757140,5917500,0
1757150,5917500,0
1757160,5917500,0
1757170,5917500,0
1757180,5917500,0
1757190,5917500,0
1757200,5917500,0
1757210,5917500,0
1757220,5917500,0
1757230,5917500,0
1757240,5917500,0
1757250,5917500,0
1757260,5917500,0
1757270,5917500,0
1757280,5917500,0
1757290,5917500,0
1757300,5917500,0
1757310,5917500,0
1757320,5917500,0
1757330,5917500,0
1757340,5917500,0
1757350,5917500,0
1757360,5917500,0
1757370,5917500,0
1757380,5917500,0
1757390,5917500,0
1757400,5917500,0
1757410,5917500,0
1757420,5917500,0
1757430,5917500,0
1757440,5917500,0
1757450,5917500,0
1757460,5917500,0
1757470,5917500,0
1757480,5917500,0
1757490,5917500,0
1757500,5917500,0
1757510,5917500,0
1757520,5917500,0
1757530,5917500,0
1757540,5917500,0
1757550,5917500,0
1757560,5917500,0
1757570,5917500,0
1757580,5917500,0
1757590,5917500,0
1756990,5917510,0
1757000,5917510,0
1757010,5917510,0
1757020,5917510,0
1757030,5917510,0
1757040,5917510,0
1757050,5917510,0
1757060,5917510,0
1757070,5917510,0
1757080,5917510,0
1757090,5917510,0
1757100,5917510,0
1757110,5917510,0
1757120,5917510,0
1757130,5917510,0
1757140,5917510,0
1757150,5917510,0
1757160,5917510,0
1757170,5917510,0
1757180,5917510,0
1757190,5917510,0
1757200,5917510,0
1757210,5917510,0
1757220,5917510,0
1757230,5917510,0
1757240,5917510,0
1757250,5917510,0
1757260,5917510,0
1757270,5917510,0
1757280,5917510,0
1757290,5917510,0
1757300,5917510,0
1757310,5917510,0
1757320,5917510,0
1757330,5917510,0
1757340,5917510,0
1757350,5917510,0
1757360,5917510,0
1757370,5917510,0
1757380,5917510,0
1757390,5917510,0
1757400,5917510,0
1757410,5917510,0
1757420,5917510,0
1757430,5917510,0
1757440,5917510,0
1757450,5917510,0
1757460,5917510,0
1757470,5917510,0
1757480,5917510,0
1757490,5917510,0
1757500,5917510,0
1757510,5917510,0
1757520,5917510,0
1757530,5917510,0
1757540,5917510,0
1757550,5917510,0
1757560,5917510,0
1757570,5917510,0
1757580,5917510,0
1757590,5917510,0
1756990,5917520,0
1757000,5917520,0
1757010,5917520,0
1757020,5917520,0
1757030,5917520,0
1757040,5917520,0
1757050,5917520,0
1757060,5917520,0
1757070,5917520,0
1757080,5917520,0
1757090,5917520,0
1757100,5917520,0
1757110,5917520,0
1757120,5917520,0
1757130,5917520,0
1757140,5917520,0
1757150,5917520,0
1757160,5917520,0
1757170,5917520,0
1757180,5917520,0
1757190,5917520,0
1757200,5917520,0
1757210,5917520,0
1757220,5917520,0
1757230,5917520,0
1757240,5917520,0
1757250,5917520,0
1757260,5917520,0
1757270,5917520,0
1757280,5917520,0
1757290,5917520,0
1757300,5917520,0
1757310,5917520,0
1757320,5917520,0
1757330,5917520,0
1757340,5917520,0
1757350,5917520,0
1757360,5917520,0
1757370,5917520,0
1757380,5917520,0
1757390,5917520,0
1757400,5917520,0
1757410,5917520,0
1757420,5917520,0
1757430,5917520,0
1757440,5917520,0
1757450,5917520,0
1757460,5917520,0
1757470,5917520,0
1757480,5917520,0
1757490,5917520,0
1757500,5917520,0
1757510,5917520,0
1757520,5917520,0
1757530,5917520,0
1757540,5917520,0
1757550,5917520,0
1757560,5917520,0
1757570,5917520,0
1757580,5917520,0
1757590,5917520,0
1756990,5917530,0
1757000,5917530,0
1757010,5917530,0
1757020,5917530,0
1757030,5917530,0
1757040,5917530,0
1757050,5917530,0
1757060,5917530,0
1757070,5917530,0
1757080,5917530,0
1757090,5917530,0
1757100,5917530,0
1757110,5917530,0
1757120,5917530,0
1757130,5917530,0
1757140,5917530,0
1757150,5917530,0
1757160,5917530,0
1757170,5917530,0
1757180,5917530,0
1757190,5917530,0
1757200,5917530,0
1757210,5917530,0
1757220,5917530,0
1757230,5917530,0
1757240,5917530,0
1757250,5917530,0
1757260,5917530,0
1757270,5917530,0
1757280,5917530,0
1757290,5917530,0
1757300,5917530,0
1757310,5917530,0
1757320,5917530,0
1757330,5917530,0
1757340,5917530,0
1757350,5917530,0
1757360,5917530,0
1757370,5917530,0
1757380,5917530,0
1757390,5917530,0
1757400,5917530,0
1757410,5917530,0
1757420,5917530,0
1757430,5917530,0
1757440,5917530,0
1757450,5917530,0
1757460,5917530,0
1757470,5917530,0
1757480,5917530,0
1757490,5917530,0
1757500,5917530,0
1757510,5917530,0
1757520,5917530,0
1757530,5917530,0
1757540,5917530,0
1757550,5917530,0
1757560,5917530,0
1757570,5917530,0
1757580,5917530,0
1757590,5917530,0
1756990,5917540,0
1757000,5917540,0
1757010,5917540,0
1757020,5917540,0
1757030,5917540,0
1757040,5917540,0
1757050,5917540,0
1757060,5917540,0
1757070,5917540,0
1757080,5917540,0
1757090,5917540,0
1757100,5917540,0
1757110,5917540,0
1757120,5917540,0
1757130,5917540,0
1757140,5917540,0
1757150,5917540,0
1757160,5917540,0
1757170,5917540,0
1757180,5917540,0
1757190,5917540,0
1757200,5917540,0
1757210,5917540,0
1757220,5917540,0
1757230,5917540,0
1757240,5917540,0
1757250,5917540,0
1757260,5917540,0
1757270,5917540,0
1757280,5917540,0
1757290,5917540,0
1757300,5917540,0
1757310,5917540,0
1757320,5917540,0
1757330,5917540,0
1757340,5917540,0
1757350,5917540,0
1757360,5917540,0
1757370,5917540,0
1757380,5917540,0
1757390,5917540,0
1757400,5917540,0
1757410,5917540,0
1757420,5917540,0
1757430,5917540,0
1757440,5917540,0
1757450,5917540,0
1757460,5917540,0
1757470,5917540,0
1757480,5917540,0
1757490,5917540,0
1757500,5917540,0
1757510,5917540,0
1757520,5917540,0
1757530,5917540,0
1757540,5917540,0
1757550,5917540,0
1757560,5917540,0
1757570,5917540,0
1757580,5917540,0
1757590,5917540,0
1756990,5917550,0
1757000,5917550,0
1757010,5917550,0
1757020,5917550,0
1757030,5917550,0
1757040,5917550,0
1757050,5917550,0
1757060,5917550,0
1757070,5917550,0
1757080,5917550,0
1757090,5917550,0
1757100,5917550,0
1757110,5917550,0
1757120,5917550,0
1757130,5917550,0
1757140,5917550,0
1757150,5917550,0
1757160,5917550,0
1757170,5917550,0
1757180,5917550,0
1757190,5917550,0
1757200,5917550,0
1757210,5917550,0
1757220,5917550,0
1757230,5917550,0
1757240,5917550,0
1757250,5917550,0
1757260,5917550,0
1757270,5917550,0
1757280,5917550,0
1757290,5917550,0
1757300,5917550,0
1757310,5917550,0
1757320,5917550,0
1757330,5917550,0
1757340,5917550,0
1757350,5917550,0
1757360,5917550,0
1757370,5917550,0
1757380,5917550,0
1757390,5917550,0
1757400,5917550,0
1757410,5917550,0
1757420,5917550,0
1757430,5917550,0
1757440,5917550,0
1757450,5917550,0
1757460,5917550,0
1757470,5917550,0
1757480,5917550,0
1757490,5917550,0
1757500,5917550,0
1757510,5917550,0
1757520,5917550,0
1757530,5917550,0
1757540,5917550,0
1757550,5917550,0
1757560,5917550,0
1757570,5917550,0
1757580,5917550,0
1757590,5917550,0
1756990,5917560,0
1757000,5917560,0
1757010,5917560,0
1757020,5917560,0
1757030,5917560,0
1757040,5917560,0
1757050,5917560,0
1757060,5917560,0
1757070,5917560,0
1757080,5917560,0
1757090,5917560,0
1757100,5917560,0
1757110,5917560,0
1757120,5917560,0
1757130,5917560,0
1757140,5917560,0
1757150,5917560,0
1757160,5917560,0
1757170,5917560,0
1757180,5917560,0
1757190,5917560,0
1757200,5917560,0
1757210,5917560,0
1757220,5917560,0
1757230,5917560,0
1757240,5917560,0
1757250,5917560,0
1757260,5917560,0
1757270,5917560,0
1757280,5917560,0
1757290,5917560,0
1757300,5917560,0
1757310,5917560,0
1757320,5917560,0
1757330,5917560,0
1757340,5917560,0
1757350,5917560,0
1757360,5917560,0
1757370,5917560,0
1757380,5917560,0
1757390,5917560,0
1757400,5917560,0
1757410,5917560,0
1757420,5917560,0
1757430,5917560,0
1757440,5917560,0
1757450,5917560,0
1757460,5917560,0
1757470,5917560,0
1757480,5917560,0
1757490,5917560,0
1757500,5917560,0
1757510,5917560,0
1757520,5917560,0
1757530,5917560,0
1757540,5917560,0
1757550,5917560,0
1757560,5917560,0
1757570,5917560,0
1757580,5917560,0
1757590,5917560,0
1756990,5917570,0
1757000,5917570,0
1757010,5917570,0
1757020,5917570,0
1757030,5917570,0
1757040,5917570,0
1757050,5917570,0
1757060,5917570,0
1757070,5917570,0
1757080,5917570,0
1757090,5917570,0
1757100,5917570,0
1757110,5917570,0
1757120,5917570,0
1757130,5917570,0
1757140,5917570,0
1757150,5917570,0
1757160,5917570,0
1757170,5917570,0
1757180,5917570,0
1757190,5917570,0
1757200,5917570,0
1757210,5917570,0
1757220,5917570,0
1757230,5917570,0
1757240,5917570,0
1757250,5917570,0
1757260,5917570,0
1757270,5917570,0
1757280,5917570,0
1757290,5917570,0
1757300,5917570,0
1757310,5917570,0
1757320,5917570,0
1757330,5917570,0
1757340,5917570,0
1757350,5917570,0
1757360,5917570,0
1757370,5917570,0
1757380,5917570,0
1757390,5917570,0
1757400,5917570,0
1757410,5917570,0
1757420,5917570,0
1757430,5917570,0
1757440,5917570,0
1757450,5917570,0
1757460,5917570,0
1757470,5917570,0
1757480,5917570,0
1757490,5917570,0
1757500,5917570,0
1757510,5917570,0
1757520,5917570,0
1757530,5917570,0
1757540,5917570,0
1757550,5917570,0
1757560,5917570,0
1757570,5917570,0
1757580,5917570,0
1757590,5917570,0
1756990,5917580,0
1757000,5917580,0
1757010,5917580,0
1757020,5917580,0
1757030,5917580,0
1757040,5917580,0
1757050,5917580,0
1757060,5917580,0
1757070,5917580,0
1757080,5917580,0
1757090,5917580,0
1757100,5917580,0
1757110,5917580,0
1757120,5917580,0
1757130,5917580,0
1757140,5917580,0
1757150,5917580,0
1757160,5917580,0
1757170,5917580,0
1757180,5917580,0
1757190,5917580,0
1757200,5917580,0
1757210,5917580,0
1757220,5917580,0
1757230,5917580,0
1757240,5917580,0
1757250,5917580,0
1757260,5917580,0
1757270,5917580,0
1757280,5917580,0
1757290,5917580,0
1757300,5917580,0
1757310,5917580,0
1757320,5917580,0
1757330,5917580,0
1757340,5917580,0
1757350,5917580,0
1757360,5917580,0
1757370,5917580,0
1757380,5917580,0
1757390,5917580,0
1757400,5917580,0
1757410,5917580,0
1757420,5917580,0
1757430,5917580,0
1757440,5917580,0
1757450,5917580,0
1757460,5917580,0
1757470,5917580,0
1757480,5917580,0
1757490,5917580,0
1757500,5917580,0
1757510,5917580,0
1757520,5917580,0
1757530,5917580,0
1757540,5917580,0
1757550,5917580,0
1757560,5917580,0
1757570,5917580,0
1757580,5917580,0
1757590,5917580,0
1756990,5917590,0
1757000,5917590,0
1757010,5917590,0
1757020,5917590,0
1757030,5917590,0
1757040,5917590,0
1757050,5917590,0
1757060,5917590,0
1757070,5917590,0
1757080,5917590,0
1757090,5917590,0
1757100,5917590,0
1757110,5917590,0
1757120,5917590,0
1757130,5917590,0
1757140,5917590,0
1757150,5917590,0
1757160,5917590,0
1757170,5917590,0
1757180,5917590,0
1757190,5917590,0
1757200,5917590,0
1757210,5917590,0
1757220,5917590,0
1757230,5917590,0
1757240,5917590,0
1757250,5917590,0
1757260,5917590,0
1757270,5917590,0
1757280,5917590,0
1757290,5917590,0
1757300,5917590,0
1757310,5917590,0
1757320,5917590,0
1757330,5917590,0
1757340,5917590,0
1757350,5917590,0
1757360,5917590,0
1757370,5917590,0
1757380,5917590,0
1757390,5917590,0
1757400,5917590,0
1757410,5917590,0
1757420,5917590,0
1757430,5917590,0
1757440,5917590,0
1757450,5917590,0
1757460,5917590,0
1757470,5917590,0
1757480,5917590,0
1757490,5917590,0
1757500,5917590,0
1757510,5917590,0
1757520,5917590,0
1757530,5917590,0
1757540,5917590,0
1757550,5917590,0
1757560,5917590,0
1757570,5917590,0
1757580,5917590,0
1757590,5917590,0
1756990,5917600,0
1757000,5917600,0
1757010,5917600,0
1757020,5917600,0
1757030,5917600,0
1757040,5917600,0
1757050,5917600,0
1757060,5917600,0
1757070,5917600,0
1757080,5917600,0
1757090,5917600,0
1757100,5917600,0
1757110,5917600,0
1757120,5917600,0
1757130,5917600,0
1757140,5917600,0
1757150,5917600,0
1757160,5917600,0
1757170,5917600,0
1757180,5917600,0
1757190,5917600,0
1757200,5917600,0
1757210,5917600,0
1757220,5917600,0
1757230,5917600,0
1757240,5917600,0
1757250,5917600,0
1757260,5917600,0
1757270,5917600,0
1757280,5917600,0
1757290,5917600,0
1757300,5917600,0
1757310,5917600,0
1757320,5917600,0
1757330,5917600,0
1757340,5917600,0
1757350,5917600,0
1757360,5917600,0
1757370,5917600,0
1757380,5917600,0
1757390,5917600,0
1757400,5917600,0
1757410,5917600,0
1757420,5917600,0
1757430,5917600,0
1757440,5917600,0
1757450,5917600,0
1757460,5917600,0
1757470,5917600,0
1757480,5917600,0
1757490,5917600,0
1757500,5917600,0
1757510,5917600,0
1757520,5917600,0
1757530,5917600,0
1757540,5917600,0
1757550,5917600,0
1757560,5917600,0
1757570,5917600,0
1757580,5917600,0
1757590,5917600,0
1756990,5917610,0
1757000,5917610,0
1757010,5917610,0
1757020,5917610,0
1757030,5917610,0
1757040,5917610,0
1757050,5917610,0
1757060,5917610,0
1757070,5917610,0
1757080,5917610,0
1757090,5917610,0
1757100,5917610,0
1757110,5917610,0
1757120,5917610,0
1757130,5917610,0
1757140,5917610,0
1757150,5917610,0
1757160,5917610,0
1757170,5917610,0
1757180,5917610,0
1757190,5917610,0
1757200,5917610,0
1757210,5917610,0
1757220,5917610,0
1757230,5917610,0
1757240,5917610,0
1757250,5917610,0
1757260,5917610,0
1757270,5917610,0
1757280,5917610,0
1757290,5917610,0
1757300,5917610,0
1757310,5917610,0
1757320,5917610,0
1757330,5917610,0
1757340,5917610,0
1757350,5917610,0
1757360,5917610,0
1757370,5917610,0
1757380,5917610,0
1757390,5917610,0
1757400,5917610,0
1757410,5917610,0
1757420,5917610,0
1757430,5917610,0
1757440,5917610,0
1757450,5917610,0
1757460,5917610,0
1757470,5917610,0
1757480,5917610,0
1757490,5917610,0
1757500,5917610,0
1757510,5917610,0
1757520,5917610,0
1757530,5917610,0
1757540,5917610,0
1757550,5917610,0
1757560,5917610,0
1757570,5917610,0
1757580,5917610,0
1757590,5917610,0
1756990,5917620,0
1757000,5917620,0
1757010,5917620,0
1757020,5917620,0
1757030,5917620,0
1757040,5917620,0
1757050,5917620,0
1757060,5917620,0
1757070,5917620,0
1757080,5917620,0
1757090,5917620,0
1757100,5917620,0
1757110,5917620,0
1757120,5917620,0
1757130,5917620,0
1757140,5917620,0
1757150,5917620,0
1757160,5917620,0
1757170,5917620,0
1757180,5917620,0
1757190,5917620,0
1757200,5917620,0
1757210,5917620,0
1757220,5917620,0
1757230,5917620,0
1757240,5917620,0
1757250,5917620,0
1757260,5917620,0
1757270,5917620,0
1757280,5917620,0
1757290,5917620,0
1757300,5917620,0
1757310,5917620,0
1757320,5917620,0
1757330,5917620,0
1757340,5917620,0
1757350,5917620,0
1757360,5917620,0
1757370,5917620,0
1757380,5917620,0
1757390,5917620,0
1757400,5917620,0
1757410,5917620,0
1757420,5917620,0
1757430,5917620,0
1757440,5917620,0
1757450,5917620,0
1757460,5917620,0
1757470,5917620,0
1757480,5917620,0
1757490,5917620,0
1757500,5917620,0
1757510,5917620,0
1757520,5917620,0
1757530,5917620,0
1757540,5917620,0
1757550,5917620,0
1757560,5917620,0
1757570,5917620,0
1757580,5917620,0
1757590,5917620,0
1756990,5917630,0
1757000,5917630,0
1757010,5917630,0
1757020,5917630,0
1757030,5917630,0
1757040,5917630,0
1757050,5917630,0
1757060,5917630,0
1757070,5917630,0
1757080,5917630,0
1757090,5917630,0
1757100,5917630,0
1757110,5917630,0
1757120,5917630,0
1757130,5917630,0
1757140,5917630,0
1757150,5917630,0
1757160,5917630,0
1757170,5917630,0
1757180,5917630,0
1757190,5917630,0
1757200,5917630,0
1757210,5917630,0
1757220,5917630,0
1757230,5917630,0
1757240,5917630,0
1757250,5917630,0
1757260,5917630,0
1757270,5917630,0
1757280,5917630,0
1757290,5917630,0
1757300,5917630,0
1757310,5917630,0
1757320,5917630,0
1757330,5917630,0
1757340,5917630,0
1757350,5917630,0
1757360,5917630,0
1757370,5917630,0
1757380,5917630,0
1757390,5917630,0
1757400,5917630,0
1757410,5917630,0
1757420,5917630,0
1757430,5917630,0
1757440,5917630,0
1757450,5917630,0
1757460,5917630,0
1757470,5917630,0
1757480,5917630,0
1757490,5917630,0
1757500,5917630,0
1757510,5917630,0
1757520,5917630,0
1757530,5917630,0
1757540,5917630,0
1757550,5917630,0
1757560,5917630,0
1757570,5917630,0
1757580,5917630,0
1757590,5917630,0
1756990,5917640,0
1757000,5917640,0
1757010,5917640,0
1757020,5917640,0
1757030,5917640,0
1757040,5917640,0
1757050,5917640,0
1757060,5917640,0
1757070,5917640,0
1757080,5917640,0
1757090,5917640,0
1757100,5917640,0
1757110,5917640,0
1757120,5917640,0
1757130,5917640,0
1757140,5917640,0
1757150,5917640,0
1757160,5917640,0
1757170,5917640,0
1757180,5917640,0
1757190,5917640,0
1757200,5917640,0
1757210,5917640,0
1757220,5917640,0
1757230,5917640,0
1757240,5917640,0
1757250,5917640,0
1757260,5917640,0
1757270,5917640,0
1757280,5917640,0
1757290,5917640,0
1757300,5917640,0
1757310,5917640,0
1757320,5917640,0
1757330,5917640,0
1757340,5917640,0
1757350,5917640,0
1757360,5917640,0
1757370,5917640,0
1757380,5917640,0
1757390,5917640,0
1757400,5917640,0
1757410,5917640,0
1757420,5917640,0
1757430,5917640,0
1757440,5917640,0
1757450,5917640,0
1757460,5917640,0
1757470,5917640,0
1757480,5917640,0
1757490,5917640,0
1757500,5917640,0
1757510,5917640,0
1757520,5917640,0
1757530,5917640,0
1757540,5917640,0
1757550,5917640,0
1757560,5917640,0
1757570,5917640,0
1757580,5917640,0
1757590,5917640,0
1756990,5917650,0
1757000,5917650,0
1757010,5917650,0
1757020,5917650,0
1757030,5917650,0
1757040,5917650,0
1757050,5917650,0
1757060,5917650,0
1757070,5917650,0
1757080,5917650,0
1757090,5917650,0
1757100,5917650,0
1757110,5917650,0
1757120,5917650,0
1757130,5917650,0
1757140,5917650,0
1757150,5917650,0
1757160,5917650,0
1757170,5917650,0
1757180,5917650,0
1757190,5917650,0
1757200,5917650,0
1757210,5917650,0
1757220,5917650,0
1757230,5917650,0
1757240,5917650,0
1757250,5917650,0
1757260,5917650,0
1757270,5917650,0
1757280,5917650,0
1757290,5917650,0
1757300,5917650,0
1757310,5917650,0
1757320,5917650,0
1757330,5917650,0
1757340,5917650,0
1757350,5917650,0
1757360,5917650,0
1757370,5917650,0
1757380,5917650,0
1757390,5917650,0
1757400,5917650,0
1757410,5917650,0
1757420,5917650,0
1757430,5917650,0
1757440,5917650,0
1757450,5917650,0
1757460,5917650,0
1757470,5917650,0
1757480,5917650,0
1757490,5917650,0
1757500,5917650,0
1757510,5917650,0
1757520,5917650,0
1757530,5917650,0
1757540,5917650,0
1757550,5917650,0
1757560,5917650,0
1757570,5917650,0
1757580,5917650,0
1757590,5917650,0
1756990,5917660,0
1757000,5917660,0
1757010,5917660,0
1757020,5917660,0
1757030,5917660,0
1757040,5917660,0
1757050,5917660,0
1757060,5917660,0
1757070,5917660,0
1757080,5917660,0
1757090,5917660,0
1757100,5917660,0
1757110,5917660,0
1757120,5917660,0
1757130,5917660,0
1757140,5917660,0
1757150,5917660,0
1757160,5917660,0
1757170,5917660,0
1757180,5917660,0
1757190,5917660,0
1757200,5917660,0
1757210,5917660,0
1757220,5917660,0
1757230,5917660,0
1757240,5917660,0
1757250,5917660,0
1757260,5917660,0
1757270,5917660,0
1757280,5917660,0
1757290,5917660,0
1757300,5917660,0
1757310,5917660,0
1757320,5917660,0
1757330,5917660,0
1757340,5917660,0
1757350,5917660,0
1757360,5917660,0
1757370,5917660,0
1757380,5917660,0
1757390,5917660,0
1757400,5917660,0
1757410,5917660,0
1757420,5917660,0
1757430,5917660,0
1757440,5917660,0
1757450,5917660,0
1757460,5917660,0
1757470,5917660,0
1757480,5917660,0
1757490,5917660,0
1757500,5917660,0
1757510,5917660,0
1757520,5917660,0
1757530,5917660,0
1757540,5917660,0
1757550,5917660,0
1757560,5917660,0
1757570,5917660,0
1757580,5917660,0
1757590,5917660,0
1756990,5917670,0
1757000,5917670,0
1757010,5917670,0
1757020,5917670,0
1757030,5917670,0
1757040,5917670,0
1757050,5917670,0
1757060,5917670,0
1757070,5917670,0
1757080,5917670,0
1757090,5917670,0
1757100,5917670,0
1757110,5917670,0
1757120,5917670,0
1757130,5917670,0
1757140,5917670,0
1757150,5917670,0
1757160,5917670,0
1757170,5917670,0
1757180,5917670,0
1757190,5917670,0
1757200,5917670,0
1757210,5917670,0
1757220,5917670,0
1757230,5917670,0
1757240,5917670,0
1757250,5917670,0
1757260,5917670,0
1757270,5917670,0
1757280,5917670,0
1757290,5917670,0
1757300,5917670,0
1757310,5917670,0
1757320,5917670,0
1757330,5917670,0
1757340,5917670,0
1757350,5917670,0
1757360,5917670,0
1757370,5917670,0
1757380,5917670,0
1757390,5917670,0
1757400,5917670,0
1757410,5917670,0
1757420,5917670,0
1757430,5917670,0
1757440,5917670,0
1757450,5917670,0
1757460,5917670,0
1757470,5917670,0
1757480,5917670,0
1757490,5917670,0
1757500,5917670,0
1757510,5917670,0
1757520,5917670,0
1757530,5917670,0
1757540,5917670,0
1757550,5917670,0
1757560,5917670,0
1757570,5917670,0
1757580,5917670,0
1757590,5917670,0
1756990,5917680,0
1757000,5917680,0
1757010,5917680,0
1757020,5917680,0
1757030,5917680,0
1757040,5917680,0
1757050,5917680,0
1757060,5917680,0
1757070,5917680,0
1757080,5917680,0
1757090,5917680,0
1757100,5917680,0
1757110,5917680,0
1757120,5917680,0
1757130,5917680,0
1757140,5917680,0
1757150,5917680,0
1757160,5917680,0
1757170,5917680,0
1757180,5917680,0
1757190,5917680,0
1757200,5917680,0
1757210,5917680,0
1757220,5917680,0
1757230,5917680,0
1757240,5917680,0
1757250,5917680,0
1757260,5917680,0
1757270,5917680,0
1757280,5917680,0
1757290,5917680,0
1757300,5917680,0
1757310,5917680,0
1757320,5917680,0
1757330,5917680,0
1757340,5917680,0
1757350,5917680,0
1757360,5917680,0
1757370,5917680,0
1757380,5917680,0
1757390,5917680,0
1757400,5917680,0
1757410,5917680,0
1757420,5917680,0
1757430,5917680,0
1757440,5917680,0
1757450,5917680,0
1757460,5917680,0
1757470,5917680,0
1757480,5917680,0
1757490,5917680,0
1757500,5917680,0
1757510,5917680,0
1757520,5917680,0
1757530,5917680,0
1757540,5917680,0
1757550,5917680,0
1757560,5917680,0
1757570,5917680,0
1757580,5917680,0
1757590,5917680,0
1756990,5917690,0
1757000,5917690,0
1757010,5917690,0
1757020,5917690,0
1757030,5917690,0
1757040,5917690,0
1757050,5917690,0
1757060,5917690,0
1757070,5917690,0
1757080,5917690,0
1757090,5917690,0
1757100,5917690,0
1757110,5917690,0
1757120,5917690,0
1757130,5917690,0
1757140,5917690,0
1757150,5917690,0
1757160,5917690,0
1757170,5917690,0
1757180,5917690,0
1757190,5917690,0
1757200,5917690,0
1757210,5917690,0
1757220,5917690,0
1757230,5917690,0
1757240,5917690,0
1757250,5917690,0
1757260,5917690,0
1757270,5917690,0
1757280,5917690,0
1757290,5917690,0
1757300,5917690,0
1757310,5917690,0
1757320,5917690,0
1757330,5917690,0
1757340,5917690,0
1757350,5917690,0
1757360,5917690,0
1757370,5917690,0
1757380,5917690,0
1757390,5917690,0
1757400,5917690,0
1757410,5917690,0
1757420,5917690,0
1757430,5917690,0
1757440,5917690,0
1757450,5917690,0
1757460,5917690,0
1757470,5917690,0
1757480,5917690,0
1757490,5917690,0
1757500,5917690,0
1757510,5917690,0
1757520,5917690,0
1757530,5917690,0
1757540,5917690,0
1757550,5917690,0
1757560,5917690,0
1757570,5917690,0
1757580,5917690,0
1757590,5917690,0
1756990,5917700,0
1757000,5917700,0
1757010,5917700,0
1757020,5917700,0
1757030,5917700,0
1757040,5917700,0
1757050,5917700,0
1757060,5917700,0
1757070,5917700,0
1757080,5917700,0
1757090,5917700,0
1757100,5917700,0
1757110,5917700,0
1757120,5917700,0
1757130,5917700,0
1757140,5917700,0
1757150,5917700,0
1757160,5917700,0
1757170,5917700,0
1757180,5917700,0
1757190,5917700,0
1757200,5917700,0
1757210,5917700,0
1757220,5917700,0
1757230,5917700,0
1757240,5917700,0
1757250,5917700,0
1757260,5917700,0
1757270,5917700,0
1757280,5917700,0
1757290,5917700,0
1757300,5917700,0
1757310,5917700,0
1757320,5917700,0
1757330,5917700,0
1757340,5917700,0
1757350,5917700,0
1757360,5917700,0
1757370,5917700,0
1757380,5917700,0
1757390,5917700,0
1757400,5917700,0
1757410,5917700,0
1757420,5917700,0
1757430,5917700,0
1757440,5917700,0
1757450,5917700,0
1757460,5917700,0
1757470,5917700,0
1757480,5917700,0
1757490,5917700,0
1757500,5917700,0
1757510,5917700,0
1757520,5917700,0
1757530,5917700,0
1757540,5917700,0
1757550,5917700,0
1757560,5917700,0
1757570,5917700,0
1757580,5917700,0
1757590,5917700,0
1756990,5917710,0
1757000,5917710,0
1757010,5917710,0
1757020,5917710,0
1757030,5917710,0
1757040,5917710,0
1757050,5917710,0
1757060,5917710,0
1757070,5917710,0
1757080,5917710,0
1757090,5917710,0
1757100,5917710,0
1757110,5917710,0
1757120,5917710,0
1757130,5917710,0
1757140,5917710,0
1757150,5917710,0
1757160,5917710,0
1757170,5917710,0
1757180,5917710,0
1757190,5917710,0
1757200,5917710,0
1757210,5917710,0
1757220,5917710,0
1757230,5917710,0
1757240,5917710,0
1757250,5917710,0
1757260,5917710,0
1757270,5917710,0
1757280,5917710,0
1757290,5917710,0
1757300,5917710,0
1757310,5917710,0
1757320,5917710,0
1757330,5917710,0
1757340,5917710,0
1757350,5917710,0
1757360,5917710,0
1757370,5917710,0
1757380,5917710,0
1757390,5917710,0
1757400,5917710,0
1757410,5917710,0
1757420,5917710,0
1757430,5917710,0
1757440,5917710,0
1757450,5917710,0
1757460,5917710,0
1757470,5917710,0
1757480,5917710,0
1757490,5917710,0
1757500,5917710,0
1757510,5917710,0
1757520,5917710,0
1757530,5917710,0
1757540,5917710,0
1757550,5917710,0
1757560,5917710,0
1757570,5917710,0
1757580,5917710,0
1757590,5917710,0
1756990,5917720,0
1757000,5917720,0
1757010,5917720,0
1757020,5917720,0
1757030,5917720,0
1757040,5917720,0
1757050,5917720,0
1757060,5917720,0
1757070,5917720,0
1757080,5917720,0
1757090,5917720,0
1757100,5917720,0
1757110,5917720,0
1757120,5917720,0
1757130,5917720,0
1757140,5917720,0
1757150,5917720,0
1757160,5917720,0
1757170,5917720,0
1757180,5917720,0
1757190,5917720,0
1757200,5917720,0
1757210,5917720,0
1757220,5917720,0
1757230,5917720,0
1757240,5917720,0
1757250,5917720,0
1757260,5917720,0
1757270,5917720,0
1757280,5917720,0
1757290,5917720,0
1757300,5917720,0
1757310,5917720,0
1757320,5917720,0
1757330,5917720,0
1757340,5917720,0
1757350,5917720,0
1757360,5917720,0
1757370,5917720,0
1757380,5917720,0
1757390,5917720,0
1757400,5917720,0
1757410,5917720,0
1757420,5917720,0
1757430,5917720,0
1757440,5917720,0
1757450,5917720,0
1757460,5917720,0
1757470,5917720,0
1757480,5917720,0
1757490,5917720,0
1757500,5917720,0
1757510,5917720,0
1757520,5917720,0
1757530,5917720,0
1757540,5917720,0
1757550,5917720,0
1757560,5917720,0
1757570,5917720,0
1757580,5917720,0
1757590,5917720,0
1756990,5917730,0
1757000,5917730,0
1757010,5917730,0
1757020,5917730,0
1757030,5917730,0
1757040,5917730,0
1757050,5917730,0
1757060,5917730,0
1757070,5917730,0
1757080,5917730,0
1757090,5917730,0
1757100,5917730,0
1757110,5917730,0
1757120,5917730,0
1757130,5917730,0
1757140,5917730,0
1757150,5917730,0
1757160,5917730,0
1757170,5917730,0
1757180,5917730,0
1757190,5917730,0
1757200,5917730,0
1757210,5917730,0
1757220,5917730,0
1757230,5917730,0
1757240,5917730,0
1757250,5917730,0
1757260,5917730,0
1757270,5917730,0
1757280,5917730,0
1757290,5917730,0
1757300,5917730,0
1757310,5917730,0
1757320,5917730,0
1757330,5917730,0
1757340,5917730,0
1757350,5917730,0
1757360,5917730,0
1757370,5917730,0
1757380,5917730,0
1757390,5917730,0
1757400,5917730,0
1757410,5917730,0
1757420,5917730,0
1757430,5917730,0
1757440,5917730,0
1757450,5917730,0
1757460,5917730,0
1757470,5917730,0
1757480,5917730,0
1757490,5917730,0
1757500,5917730,0
1757510,5917730,0
1757520,5917730,0
1757530,5917730,0
1757540,5917730,0
1757550,5917730,0
1757560,5917730,0
1757570,5917730,0
1757580,5917730,0
1757590,5917730,0
1756990,5917740,0
1757000,5917740,0
1757010,5917740,0
1757020,5917740,0
1757030,5917740,0
1757040,5917740,0
1757050,5917740,0
1757060,5917740,0
1757070,5917740,0
1757080,5917740,0
1757090,5917740,0
1757100,5917740,0
1757110,5917740,0
1757120,5917740,0
1757130,5917740,0
1757140,5917740,0
1757150,5917740,0
1757160,5917740,0
1757170,5917740,0
1757180,5917740,0
1757190,5917740,0
1757200,5917740,0
1757210,5917740,0
1757220,5917740,0
1757230,5917740,0
1757240,5917740,0
1757250,5917740,0
1757260,5917740,0
1757270,5917740,0
1757280,5917740,0
1757290,5917740,0
1757300,5917740,0
1757310,5917740,0
1757320,5917740,0
1757330,5917740,0
1757340,5917740,0
1757350,5917740,0
1757360,5917740,0
1757370,5917740,0
1757380,5917740,0
1757390,5917740,0
1757400,5917740,0
1757410,5917740,0
1757420,5917740,0
1757430,5917740,0
1757440,5917740,0
1757450,5917740,0
1757460,5917740,0
1757470,5917740,0
1757480,5917740,0
1757490,5917740,0
1757500,5917740,0
1757510,5917740,0
1757520,5917740,0
1757530,5917740,0
1757540,5917740,0
1757550,5917740,0
1757560,5917740,0
1757570,5917740,0
1757580,5917740,0
1757590,5917740,0
1756990,5917750,0
1757000,5917750,0
1757010,5917750,0
1757020,5917750,0
1757030,5917750,0
1757040,5917750,0
1757050,5917750,0
1757060,5917750,0
1757070,5917750,0
1757080,5917750,0
1757090,5917750,0
1757100,5917750,0
1757110,5917750,0
1757120,5917750,0
1757130,5917750,0
1757140,5917750,0
1757150,5917750,0
1757160,5917750,0
1757170,5917750,0
1757180,5917750,0
1757190,5917750,0
1757200,5917750,0
1757210,5917750,0
1757220,5917750,0
1757230,5917750,0
1757240,5917750,0
1757250,5917750,0
1757260,5917750,0
1757270,5917750,0
1757280,5917750,0
1757290,5917750,0
1757300,5917750,0
1757310,5917750,0
1757320,5917750,0
1757330,5917750,0
1757340,5917750,0
1757350,5917750,0
1757360,5917750,0
1757370,5917750,0
1757380,5917750,0
1757390,5917750,0
1757400,5917750,0
1757410,5917750,0
1757420,5917750,0
1757430,5917750,0
1757440,5917750,0
1757450,5917750,0
1757460,5917750,0
1757470,5917750,0
1757480,5917750,0
1757490,5917750,0
1757500,5917750,0
1757510,5917750,0
1757520,5917750,0
1757530,5917750,0
1757540,5917750,0
1757550,5917750,0
1757560,5917750,0
1757570,5917750,0
1757580,5917750,0
1757590,5917750,0
1756990,5917760,0
1757000,5917760,0
1757010,5917760,0
1757020,5917760,0
1757030,5917760,0
1757040,5917760,0
1757050,5917760,0
1757060,5917760,0
1757070,5917760,0
1757080,5917760,0
1757090,5917760,0
1757100,5917760,0
1757110,5917760,0
1757120,5917760,0
1757130,5917760,0
1757140,5917760,0
1757150,5917760,0
1757160,5917760,0
1757170,5917760,0
1757180,5917760,0
1757190,5917760,0
1757200,5917760,0
1757210,5917760,0
1757220,5917760,0
1757230,5917760,0
1757240,5917760,0
1757250,5917760,0
1757260,5917760,0
1757270,5917760,0
1757280,5917760,0
1757290,5917760,0
1757300,5917760,0
1757310,5917760,0
1757320,5917760,0
1757330,5917760,0
1757340,5917760,0
1757350,5917760,0
1757360,5917760,0
1757370,5917760,0
1757380,5917760,0
1757390,5917760,0
1757400,5917760,0
1757410,5917760,0
1757420,5917760,0
1757430,5917760,0
1757440,5917760,0
1757450,5917760,0
1757460,5917760,0
1757470,5917760,0
1757480,5917760,0
1757490,5917760,0
1757500,5917760,0
1757510,5917760,0
1757520,5917760,0
1757530,5917760,0
1757540,5917760,0
1757550,5917760,0
1757560,5917760,0
1757570,5917760,0
1757580,5917760,0
1757590,5917760,0
1756990,5917770,0
1757000,5917770,0
1757010,5917770,0
1757020,5917770,0
1757030,5917770,0
1757040,5917770,0
1757050,5917770,0
1757060,5917770,0
1757070,5917770,0
1757080,5917770,0
1757090,5917770,0
1757100,5917770,0
1757110,5917770,0
1757120,5917770,0
1757130,5917770,0
1757140,5917770,0
1757150,5917770,0
1757160,5917770,0
1757170,5917770,0
1757180,5917770,0
1757190,5917770,0
1757200,5917770,0
1757210,5917770,0
1757220,5917770,0
1757230,5917770,0
1757240,5917770,0
1757250,5917770,0
1757260,5917770,0
1757270,5917770,0
1757280,5917770,0
1757290,5917770,0
1757300,5917770,0
1757310,5917770,0
1757320,5917770,0
1757330,5917770,0
1757340,5917770,0
1757350,5917770,0
1757360,5917770,0
1757370,5917770,0
1757380,5917770,0
1757390,5917770,0
1757400,5917770,0
1757410,5917770,0
1757420,5917770,0
1757430,5917770,0
1757440,5917770,0
1757450,5917770,0
1757460,5917770,0
1757470,5917770,0
1757480,5917770,0
1757490,5917770,0
1757500,5917770,0
1757510,5917770,0
1757520,5917770,0
1757530,5917770,0
1757540,5917770,0
1757550,5917770,0
1757560,5917770,0
1757570,5917770,0
1757580,5917770,0
1757590,5917770,0
1756990,5917780,0
1757000,5917780,0
1757010,5917780,0
1757020,5917780,0
1757030,5917780,0
1757040,5917780,0
1757050,5917780,0
1757060,5917780,0
1757070,5917780,0
1757080,5917780,0
1757090,5917780,0
1757100,5917780,0
1757110,5917780,0
1757120,5917780,0
1757130,5917780,0
1757140,5917780,0
1757150,5917780,0
1757160,5917780,0
1757170,5917780,0
1757180,5917780,0
1757190,5917780,0
1757200,5917780,0
1757210,5917780,0
1757220,5917780,0
1757230,5917780,0
1757240,5917780,0
1757250,5917780,0
1757260,5917780,0
1757270,5917780,0
1757280,5917780,0
1757290,5917780,0
1757300,5917780,0
1757310,5917780,0
1757320,5917780,0
1757330,5917780,0
1757340,5917780,0
1757350,5917780,0
1757360,5917780,0
1757370,5917780,0
1757380,5917780,0
1757390,5917780,0
1757400,5917780,0
1757410,5917780,0
1757420,5917780,0
1757430,5917780,0
1757440,5917780,0
1757450,5917780,0
1757460,5917780,0
1757470,5917780,0
1757480,5917780,0
1757490,5917780,0
1757500,5917780,0
1757510,5917780,0
1757520,5917780,0
1757530,5917780,0
1757540,5917780,0
1757550,5917780,0
1757560,5917780,0
1757570,5917780,0
1757580,5917780,0
1757590,5917780,0
1756990,5917790,0
1757000,5917790,0
1757010,5917790,0
1757020,5917790,0
1757030,5917790,0
1757040,5917790,0
1757050,5917790,0
1757060,5917790,0
1757070,5917790,0
1757080,5917790,0
1757090,5917790,0
1757100,5917790,0
1757110,5917790,0
1757120,5917790,0
1757130,5917790,0
1757140,5917790,0
1757150,5917790,0
1757160,5917790,0
1757170,5917790,0
1757180,5917790,0
1757190,5917790,0
1757200,5917790,0
1757210,5917790,0
1757220,5917790,0
1757230,5917790,0
1757240,5917790,0
1757250,5917790,0
1757260,5917790,0
1757270,5917790,0
1757280,5917790,0
1757290,5917790,0
1757300,5917790,0
1757310,5917790,0
1757320,5917790,0
1757330,5917790,0
1757340,5917790,0
1757350,5917790,0
1757360,5917790,0
1757370,5917790,0
1757380,5917790,0
1757390,5917790,0
1757400,5917790,0
1757410,5917790,0
1757420,5917790,0
1757430,5917790,0
1757440,5917790,0
1757450,5917790,0
1757460,5917790,0
1757470,5917790,0
1757480,5917790,0
1757490,5917790,0
1757500,5917790,0
1757510,5917790,0
1757520,5917790,0
1757530,5917790,0
1757540,5917790,0
1757550,5917790,0
1757560,5917790,0
1757570,5917790,0
1757580,5917790,0
1757590,5917790,0
1756990,5917800,0
1757000,5917800,0
1757010,5917800,0
1757020,5917800,0
1757030,5917800,0
1757040,5917800,0
1757050,5917800,0
1757060,5917800,0
1757070,5917800,0
1757080,5917800,0
1757090,5917800,0
1757100,5917800,0
1757110,5917800,0
1757120,5917800,0
1757130,5917800,0
1757140,5917800,0
1757150,5917800,0
1757160,5917800,0
1757170,5917800,0
1757180,5917800,0
1757190,5917800,0
1757200,5917800,0
1757210,5917800,0
1757220,5917800,0
1757230,5917800,0
1757240,5917800,0
1757250,5917800,0
1757260,5917800,0
1757270,5917800,0
1757280,5917800,0
1757290,5917800,0
1757300,5917800,0
1757310,5917800,0
1757320,5917800,0
1757330,5917800,0
1757340,5917800,0
1757350,5917800,0
1757360,5917800,0
1757370,5917800,0
1757380,5917800,0
1757390,5917800,0
1757400,5917800,0
1757410,5917800,0
1757420,5917800,0
1757430,5917800,0
1757440,5917800,0
1757450,5917800,0
1757460,5917800,0
1757470,5917800,0
1757480,5917800,0
1757490,5917800,0
1757500,5917800,0
1757510,5917800,0
1757520,5917800,0
1757530,5917800,0
1757540,5917800,0
1757550,5917800,0
1757560,5917800,0
1757570,5917800,0
1757580,5917800,0
1757590,5917800,0
1756990,5917810,0
1757000,5917810,0
1757010,5917810,0
1757020,5917810,0
1757030,5917810,0
1757040,5917810,0
1757050,5917810,0
1757060,5917810,0
1757070,5917810,0
1757080,5917810,0
1757090,5917810,0
1757100,5917810,0
1757110,5917810,0
1757120,5917810,0
1757130,5917810,0
1757140,5917810,0
1757150,5917810,0
1757160,5917810,0
1757170,5917810,0
1757180,5917810,0
1757190,5917810,0
1757200,5917810,0
1757210,5917810,0
1757220,5917810,0
1757230,5917810,0
1757240,5917810,0
1757250,5917810,0
1757260,5917810,0
1757270,5917810,0
1757280,5917810,0
1757290,5917810,0
1757300,5917810,0
1757310,5917810,0
1757320,5917810,0
1757330,5917810,0
1757340,5917810,0
1757350,5917810,0
1757360,5917810,0
1757370,5917810,0
1757380,5917810,0
1757390,5917810,0
1757400,5917810,0
1757410,5917810,0
1757420,5917810,0
1757430,5917810,0
1757440,5917810,0
1757450,5917810,0
1757460,5917810,0
1757470,5917810,0
1757480,5917810,0
1757490,5917810,0
1757500,5917810,0
1757510,5917810,0
1757520,5917810,0
1757530,5917810,0
1757540,5917810,0
1757550,5917810,0
1757560,5917810,0
1757570,5917810,0
1757580,5917810,0
1757590,5917810,0
1756990,5917820,0
1757000,5917820,0
1757010,5917820,0
1757020,5917820,0
1757030,5917820,0
1757040,5917820,0
1757050,5917820,0
1757060,5917820,0
1757070,5917820,0
1757080,5917820,0
1757090,5917820,0
1757100,5917820,0
1757110,5917820,0
1757120,5917820,0
1757130,5917820,0
1757140,5917820,0
1757150,5917820,0
1757160,5917820,0
1757170,5917820,0
1757180,5917820,0
1757190,5917820,0
1757200,5917820,0
1757210,5917820,0
1757220,5917820,0
1757230,5917820,0
1757240,5917820,0
1757250,5917820,0
1757260,5917820,0
1757270,5917820,0
1757280,5917820,0
1757290,5917820,0
1757300,5917820,0
1757310,5917820,0
1757320,5917820,0
1757330,5917820,0
1757340,5917820,0
1757350,5917820,0
1757360,5917820,0
1757370,5917820,0
1757380,5917820,0
1757390,5917820,0
1757400,5917820,0
1757410,5917820,0
1757420,5917820,0
1757430,5917820,0
1757440,5917820,0
1757450,5917820,0
1757460,5917820,0
1757470,5917820,0
1757480,5917820,0
1757490,5917820,0
1757500,5917820,0
1757510,5917820,0
1757520,5917820,0
1757530,5917820,0
1757540,5917820,0
1757550,5917820,0
1757560,5917820,0
1757570,5917820,0
1757580,5917820,0
1757590,5917820,0
1756990,5917830,0
1757000,5917830,0
1757010,5917830,0
1757020,5917830,0
1757030,5917830,0
1757040,5917830,0
1757050,5917830,0
1757060,5917830,0
1757070,5917830,0
1757080,5917830,0
1757090,5917830,0
1757100,5917830,0
1757110,5917830,0
1757120,5917830,0
1757130,5917830,0
1757140,5917830,0
1757150,5917830,0
1757160,5917830,0
1757170,5917830,0
1757180,5917830,0
1757190,5917830,0
1757200,5917830,0
1757210,5917830,0
1757220,5917830,0
1757230,5917830,0
1757240,5917830,0
1757250,5917830,0
1757260,5917830,0
1757270,5917830,0
1757280,5917830,0
1757290,5917830,0
1757300,5917830,0
1757310,5917830,0
1757320,5917830,0
1757330,5917830,0
1757340,5917830,0
1757350,5917830,0
1757360,5917830,0
1757370,5917830,0
1757380,5917830,0
1757390,5917830,0
1757400,5917830,0
1757410,5917830,0
1757420,5917830,0
1757430,5917830,0
1757440,5917830,0
1757450,5917830,0
1757460,5917830,0
1757470,5917830,0
1757480,5917830,0
1757490,5917830,0
1757500,5917830,0
1757510,5917830,0
1757520,5917830,0
1757530,5917830,0
1757540,5917830,0
1757550,5917830,0
1757560,5917830,0
1757570,5917830,0
1757580,5917830,0
1757590,5917830,0
1756990,5917840,0
1757000,5917840,0
1757010,5917840,0
1757020,5917840,0
1757030,5917840,0
1757040,5917840,0
1757050,5917840,0
1757060,5917840,0
1757070,5917840,0
1757080,5917840,0
1757090,5917840,0
1757100,5917840,0
1757110,5917840,0
1757120,5917840,0
1757130,5917840,0
1757140,5917840,0
1757150,5917840,0
1757160,5917840,0
1757170,5917840,0
1757180,5917840,0
1757190,5917840,0
1757200,5917840,0
1757210,5917840,0
1757220,5917840,0
1757230,5917840,0
1757240,5917840,0
1757250,5917840,0
1757260,5917840,0
1757270,5917840,0
1757280,5917840,0
1757290,5917840,0
1757300,5917840,0
1757310,5917840,0
1757320,5917840,0
1757330,5917840,0
1757340,5917840,0
1757350,5917840,0
1757360,5917840,0
1757370,5917840,0
1757380,5917840,0
1757390,5917840,0
1757400,5917840,0
1757410,5917840,0
1757420,5917840,0
1757430,5917840,0
1757440,5917840,0
1757450,5917840,0
1757460,5917840,0
1757470,5917840,0
1757480,5917840,0
1757490,5917840,0
1757500,5917840,0
1757510,5917840,0
1757520,5917840,0
1757530,5917840,0
1757540,5917840,0
1757550,5917840,0
1757560,5917840,0
1757570,5917840,0
1757580,5917840,0
1757590,5917840,0
1756990,5917850,0
1757000,5917850,0
1757010,5917850,0
1757020,5917850,0
1757030,5917850,0
1757040,5917850,0
1757050,5917850,0
1757060,5917850,0
1757070,5917850,0
1757080,5917850,0
1757090,5917850,0
1757100,5917850,0
1757110,5917850,0
1757120,5917850,0
1757130,5917850,0
1757140,5917850,0
1757150,5917850,0
1757160,5917850,0
1757170,5917850,0
1757180,5917850,0
1757190,5917850,0
1757200,5917850,0
1757210,5917850,0
1757220,5917850,0
1757230,5917850,0
1757240,5917850,0
1757250,5917850,0
1757260,5917850,0
1757270,5917850,0
1757280,5917850,0
1757290,5917850,0
1757300,5917850,0
1757310,5917850,0
1757320,5917850,0
1757330,5917850,0
1757340,5917850,0
1757350,5917850,0
1757360,5917850,0
1757370,5917850,0
1757380,5917850,0
1757390,5917850,0
1757400,5917850,0
1757410,5917850,0
1757420,5917850,0
1757430,5917850,0
1757440,5917850,0
1757450,5917850,0
1757460,5917850,0
1757470,5917850,0
1757480,5917850,0
1757490,5917850,0
1757500,5917850,0
1757510,5917850,0
1757520,5917850,0
1757530,5917850,0
1757540,5917850,0
1757550,5917850,0
1757560,5917850,0
1757570,5917850,0
1757580,5917850,0
1757590,5917850,0
1756990,5917860,0
1757000,5917860,0
1757010,5917860,0
1757020,5917860,0
1757030,5917860,0
1757040,5917860,0
1757050,5917860,0
1757060,5917860,0
1757070,5917860,0
1757080,5917860,0
1757090,5917860,0
1757100,5917860,0
1757110,5917860,0
1757120,5917860,0
1757130,5917860,0
1757140,5917860,0
1757150,5917860,0
1757160,5917860,0
1757170,5917860,0
1757180,5917860,0
1757190,5917860,0
1757200,5917860,0
1757210,5917860,0
1757220,5917860,0
1757230,5917860,0
1757240,5917860,0
1757250,5917860,0
1757260,5917860,0
1757270,5917860,0
1757280,5917860,0
1757290,5917860,0
1757300,5917860,0
1757310,5917860,0
1757320,5917860,0
1757330,5917860,0
1757340,5917860,0
1757350,5917860,0
1757360,5917860,0
1757370,5917860,0
1757380,5917860,0
1757390,5917860,0
1757400,5917860,0
1757410,5917860,0
1757420,5917860,0
1757430,5917860,0
1757440,5917860,0
1757450,5917860,0
1757460,5917860,0
1757470,5917860,0
1757480,5917860,0
1757490,5917860,0
1757500,5917860,0
1757510,5917860,0
1757520,5917860,0
1757530,5917860,0
1757540,5917860,0
1757550,5917860,0
1757560,5917860,0
1757570,5917860,0
1757580,5917860,0
1757590,5917860,0
1756990,5917870,0
1757000,5917870,0
1757010,5917870,0
1757020,5917870,0
1757030,5917870,0
1757040,5917870,0
1757050,5917870,0
1757060,5917870,0
1757070,5917870,0
1757080,5917870,0
1757090,5917870,0
1757100,5917870,0
1757110,5917870,0
1757120,5917870,0
1757130,5917870,0
1757140,5917870,0
1757150,5917870,0
1757160,5917870,0
1757170,5917870,0
1757180,5917870,0
1757190,5917870,0
1757200,5917870,0
1757210,5917870,0
1757220,5917870,0
1757230,5917870,0
1757240,5917870,0
1757250,5917870,0
1757260,5917870,0
1757270,5917870,0
1757280,5917870,0
1757290,5917870,0
1757300,5917870,0
1757310,5917870,0
1757320,5917870,0
1757330,5917870,0
1757340,5917870,0
1757350,5917870,0
1757360,5917870,0
1757370,5917870,0
1757380,5917870,0
1757390,5917870,0
1757400,5917870,0
1757410,5917870,0
1757420,5917870,0
1757430,5917870,0
1757440,5917870,0
1757450,5917870,0
1757460,5917870,0
1757470,5917870,0
1757480,5917870,0
1757490,5917870,0
1757500,5917870,0
1757510,5917870,0
1757520,5917870,0
1757530,5917870,0
1757540,5917870,0
1757550,5917870,0
1757560,5917870,0
1757570,5917870,0
1757580,5917870,0
1757590,5917870,0
